X,Y,OBJECTID,GISID,TYPE,GC_NR,STRAATNAAM,HUISNUMMER,POSTCODE,SECTOR,OPMERKING,EBDD,ROUTE_WEEK,ROUTE_WEEKEND,FREQ_SLK,SLK_MA,SLK_DI,SLK_WO,SLK_DO,SLK_VR,SLK_ZA,SLK_ZO,FREQ_LEDIGING,LED_MA,LED_DI,LED_WO,LED_DO,LED_VR,LED_ZA,LED_ZO
496889.563656565,6666273.17865432,54258,GLASCONT_04775,duo glasbol,D1037,WINKELSTAP,,2170,NOORD,Merksem,2020/07/28 10:46:33+00,,,,,,,,,,,,,,,,,,
482489.536195601,6653105.6235663,54259,GLASCONT_00553,duo glasbol,D1076,BOOMBEKELAAN,,2660,ZUID,Hoboken,1999/12/31 00:00:00+00,,,Wekelijks,,x,,x,,,,,,,,x,,,
483293.414337601,6651931.81412399,54260,GLASCONT_00554,duo glasbol,D1064,GROTEBAAN,23,2660,ZUID,Hoboken,1999/12/31 00:00:00+00,,,Wekelijks,,x,,x,,,,,,,,x,,,
483386.03743328,6654078.36209721,54261,GLASCONT_00560,duo glasbol,D1020,GRASPOLDERLAAN,,2660,ZUID,Hoboken,1999/12/31 00:00:00+00,,,Wekelijks,,x,,x,,,,,,,,x,,,
484534.301130378,6653796.33310745,54262,GLASCONT_00564,duo glasbol,D1065,,116,2660,ZUID,Hoboken,1999/12/31 00:00:00+00,,,Wekelijks,x,,x,,x,,,,,,,x,,,
484859.08134849,6653064.95911308,54263,GLASCONT_00565,duo glasbol,D1070,VAN DE PERRELEI,9,2660,ZUID,Hoboken,1999/12/31 00:00:00+00,,,Wekelijks,x,,x,,x,,,,,,,x,,,
486051.486002864,6653907.03975477,54264,GLASCONT_00566,mono glasbol wit,M2003,STEYNSTRAAT,330,2660,ZUID,Hoboken,1999/12/31 00:00:00+00,,,Wekelijks,x,,x,,x,,,,,,,x,,,
486060.026285258,6653913.64833428,54265,GLASCONT_00567,mono glasbol groen,M1662,STEYNSTRAAT,330,2660,ZUID,Hoboken,1999/12/31 00:00:00+00,,,Wekelijks,x,,x,,x,,,,,,,x,,,
486655.425472504,6654182.43269963,54266,GLASCONT_00569,mono glasbol wit,M1527,ZEELANDSTRAAT,,2660,ZUID,Hoboken,1999/12/31 00:00:00+00,,,Wekelijks,x,,x,,x,,,,,,,x,,,
486651.094468503,6654187.68683951,54267,GLASCONT_00570,mono glasbol groen,M1609,ZEELANDSTRAAT,,2660,ZUID,Hoboken,1999/12/31 00:00:00+00,,,Wekelijks,x,,x,,x,,,,,,,x,,,
486846.834268968,6653843.42072381,54268,GLASCONT_00571,ondergrondse duo,O1114-A687,GOLFSTRAAT_HO,32,2660,ZUID,Hoboken,1999/12/31 00:00:00+00,,,Wekelijks,x,,x,,x,,,,,,,x,,,
488157.64392516,6652567.06003516,54269,GLASCONT_00572,mono glasbol wit,M1667,HUISBLOKSTRAAT,,2610,ZUID,Wilrijk,2024/05/07 12:03:17+00,,,Wekelijks,,x,,x,,,,,,x,,,,,
487437.690852864,6653078.68727122,54270,GLASCONT_00576,mono glasbol wit,M1576,,101,2610,ZUID,Wilrijk,1999/12/31 00:00:00+00,,,Wekelijks,,x,,x,,,,,,x,,,,,
487441.957602247,6653083.55601465,54271,GLASCONT_00577,mono glasbol groen,M1658,,101,2610,ZUID,Wilrijk,1999/12/31 00:00:00+00,,,Wekelijks,,x,,x,,,,,,x,,,,,
486991.178880517,6652690.67635103,54272,GLASCONT_00578,duo glasbol,D1254,RIDDERVELD,11,2610,ZUID,Wilrijk,1999/12/31 00:00:00+00,,,Wekelijks,,x,,x,,,,,,x,,,,,
485713.866480794,6652485.7655669,54273,GLASCONT_00581,mono glasbol groen,M1605,PAUL VEKEMANSLAAN,,2660,ZUID,Hoboken,1999/12/31 00:00:00+00,,,Wekelijks,x,,x,,x,,,,,,,x,,,
485714.427287621,6652492.98908243,54274,GLASCONT_00582,mono glasbol wit,M1504,PAUL VEKEMANSLAAN,,2660,ZUID,Hoboken,1999/12/31 00:00:00+00,,,Wekelijks,x,,x,,x,,,,,,,x,,,
484720.170066918,6652042.37170778,54275,GLASCONT_00584,mono glasbol wit,M1510,OUDESTRAAT_HO,130,2660,ZUID,Hoboken,1999/12/31 00:00:00+00,,,Wekelijks,x,,x,,x,,,,,,,x,,,
484723.733608435,6652042.48967038,54276,GLASCONT_00585,mono glasbol groen,M1586,OUDESTRAAT_HO,130,2660,ZUID,Hoboken,1999/12/31 00:00:00+00,,,Wekelijks,x,,x,,x,,,,,,,x,,,
484409.826757399,6651969.496429,54277,GLASCONT_00588,duo glasbol,D1148,VAN AMSTELSTRAAT_HO,44,2660,ZUID,Hoboken,1999/12/31 00:00:00+00,,,Wekelijks,x,,x,,x,,,,,,,x,,,
485586.69997139,6651924.59337515,54278,GLASCONT_00593,ondergrondse duo,O1115-A662,EIKENLEI,8,2660,ZUID,Hoboken,1999/12/31 00:00:00+00,,,Wekelijks,x,,x,,x,,,,,,,x,,,
484640.839445937,6650420.88075556,54279,GLASCONT_00594,duo glasbol,D1044,SCHANSSTRAAT,59,2660,ZUID,Hoboken,1999/12/31 00:00:00+00,,,Wekelijks,,x,,x,,,,,,,,x,,,
484846.941913217,6649930.12085157,54280,GLASCONT_00595,duo glasbol,D1097,KLAVERBLADDREEF_HO,,2660,ZUID,Hoboken,1999/12/31 00:00:00+00,,,Wekelijks,,x,,x,,,,,,,,x,,,
487829.704283053,6653336.75075911,54281,GLASCONT_00600,mono glasbol groen,M1664,LETTERKUNDESTRAAT,29,2610,ZUID,Wilrijk,1999/12/31 00:00:00+00,,,Wekelijks,,x,,x,,,,,,x,,,,,
487835.797015435,6653337.97067782,54282,GLASCONT_00601,mono glasbol wit,M1578,LETTERKUNDESTRAAT,29,2610,ZUID,Wilrijk,1999/12/31 00:00:00+00,,,Wekelijks,,x,,x,,,,,,x,,,,,
488215.550912618,6653171.31652224,54283,GLASCONT_00602,duo glasbol,D1253,KAREL MESTDAGHPLEIN,,2610,ZUID,Wilrijk,2024/05/07 12:08:37+00,,,Wekelijks,x,,x,,x,,,,,x,,,,,
488877.387178398,6652299.55667366,54284,GLASCONT_00603,duo glasbol,D1186,OVERWINNINGSTRAAT,,2610,ZUID,Wilrijk,1999/12/31 00:00:00+00,,,Wekelijks,x,,x,,x,,,,,,,x,,,
489010.972849067,6651703.58492091,54285,GLASCONT_00604,mono glasbol groen,M1606,MASTPLEIN,,2610,ZUID,Wilrijk,1999/12/31 00:00:00+00,,,Wekelijks,x,,x,,x,,,,,,,x,,,
489015.293257326,6651695.93761007,54286,GLASCONT_00605,mono glasbol wit,M1513,MASTPLEIN,,2610,ZUID,Wilrijk,1999/12/31 00:00:00+00,,,Wekelijks,x,,x,,x,,,,,,,x,,,
488380.594498363,6651227.74058721,54287,GLASCONT_00608,duo glasbol,D1118,VALKENVELD,,2610,ZUID,Wilrijk,1999/12/31 00:00:00+00,,,Wekelijks,x,,x,,x,,,,,,,x,,,
488045.974386417,6651314.11353885,54288,GLASCONT_00609,duo glasbol,D1242,VALKSTRAAT,86,2610,ZUID,Wilrijk,1999/12/31 00:00:00+00,,,Wekelijks,,x,,x,,,,,,x,,,,,
487886.038975078,6651059.60793913,54289,GLASCONT_00610,duo glasbol,D1170,BERKENVELDPLEIN,29,2610,ZUID,Wilrijk,1999/12/31 00:00:00+00,,,Wekelijks,,x,,x,,,,,,x,,,,,
489790.282923121,6650308.88011394,54290,GLASCONT_00611,duo glasbol,D1019,KRIJGSLAAN,,2610,ZUID,Wilrijk,1999/12/31 00:00:00+00,,,Wekelijks,x,,x,,x,,,,,,,x,,,
488668.126382687,6648452.50957734,54291,GLASCONT_00618,duo glasbol,D1239,EDENPLEIN,4,2610,ZUID,Wilrijk,1999/12/31 00:00:00+00,,,Wekelijks,x,,x,,x,,,,,,,x,,,
485743.64151682,6649545.67859281,54292,GLASCONT_00620,duo glasbol,D1135,MOERELEI,153,2610,ZUID,Wilrijk,1999/12/31 00:00:00+00,,,Wekelijks,,x,,x,,,,,,,,x,,,
490795.044752009,6651548.58582043,54293,GLASCONT_00622,duo glasbol,D1015,KLAPROOSSTRAAT,,2610,ZUID,Wilrijk,1999/12/31 00:00:00+00,,,Wekelijks,x,,x,,x,,,,,,,x,,,
490430.960122166,6651078.8422019,54294,GLASCONT_00623,duo glasbol,A374,DOKTER DONNYPLEIN,30,2610,ZUID,Wilrijk,1999/12/31 00:00:00+00,,,Wekelijks,x,,x,,x,,,,,,,x,,,
489709.758950004,6651412.30787003,54295,GLASCONT_00624,duo glasbol,D1144,STEYTELINCKLEI,,2610,ZUID,Wilrijk,1999/12/31 00:00:00+00,,,Wekelijks,x,,x,,x,,,,,,,x,,,
489294.573096299,6650273.65792183,54296,GLASCONT_00628,duo glasbol,D1092,JOS OP DE BEECKLAAN,19,2610,ZUID,Wilrijk,1999/12/31 00:00:00+00,,,Wekelijks,x,,x,,x,,,,,,,x,,,
488880.780557334,6652517.77632387,54297,GLASCONT_00629,duo glasbol,D1102,OVERWINNINGSTRAAT,44,2610,ZUID,Wilrijk,1999/12/31 00:00:00+00,,,Wekelijks,,x,,x,,,,,,,,x,,,
489010.473073922,6653870.06975416,54298,GLASCONT_00631,duo glasbol,D1058,POPULIERENLAAN,32,2020,ZUID,Wilrijk,1999/12/31 00:00:00+00,,,Wekelijks,,x,,x,,,,,,,,x,,,
490225.327973072,6654308.23088679,54299,GLASCONT_00632,duo glasbol,D1095,EGLANTIERLAAN_ANT,1,2020,ZUID,Wilrijk,1999/12/31 00:00:00+00,,,Wekelijks,x,,x,,x,,,,,,,x,,,
489003.42549792,6651033.84381625,54300,GLASCONT_00634,duo glasbol,D1104,OUDESTRAAT_WI,27,2610,ZUID,Wilrijk,1999/12/31 00:00:00+00,,,Wekelijks,x,,x,,x,,,,,,,x,,,
492873.029725529,6652824.26141566,54301,GLASCONT_00637,duo glasbol,D1226,RINGLAAN_WI,82,2610,ZUID,Wilrijk,1999/12/31 00:00:00+00,,,Wekelijks,,x,,x,,,,,,,,x,,,
493418.372206481,6652588.25272624,54302,GLASCONT_00638,duo glasbol,D1174,VIERBUNDERPLEIN,3,2610,ZUID,Wilrijk,1999/12/31 00:00:00+00,,,Wekelijks,,x,,x,,,,,,,,x,,,
492097.791345657,6651382.61608926,54303,GLASCONT_00640,duo glasbol,D1034,BEECKMANSLAAN,,2610,ZUID,Wilrijk,1999/12/31 00:00:00+00,,,Wekelijks,x,,x,,x,,,,,,,x,,,
488172.150633207,6653642.16640485,54304,GLASCONT_00642,duo glasbol,D1234,HOF VAN TICHELEN_ANT,30,2020,ZUID,Kiel,1999/12/31 00:00:00+00,,,Wekelijks,,x,,x,,,,,,,,,,,
487394.935421959,6653995.610624,54305,GLASCONT_00643,duo glasbol,D1123,JULIUS DE GEYTERSTRAAT_ANT,93,2020,ZUID,Kiel,1999/12/31 00:00:00+00,,,Wekelijks,,x,,x,,,,,,,,x,,,
488573.850781784,6654557.67990235,54306,GLASCONT_00645,duo glasbol,D1179,JAN LIGTHARTPLEIN,317,2020,ZUID,Kiel,1999/12/31 00:00:00+00,,,Wekelijks,x,,x,,x,,,,,,,,,,
488888.362785797,6654685.9253036,54307,GLASCONT_00646,duo glasbol,D1251,POL DE MONTSTRAAT,31,2020,ZUID,Wilrijk,1999/12/31 00:00:00+00,,,Wekelijks,x,,x,,x,,,,,,,,,,
488586.950822496,6654658.02889461,54308,GLASCONT_00647,duo glasbol,D1165,JAN DE VOSLEI,23,2020,ZUID,Kiel,1999/12/31 00:00:00+00,,,Wekelijks,x,,x,,x,,,,,,,,,,
489204.259221031,6654819.34969638,54309,GLASCONT_00648,duo glasbol,D1233,VLAAMSEKUNSTLAAN,1,2020,ZUID,Wilrijk,1999/12/31 00:00:00+00,,,Wekelijks,x,,x,,x,,,,,,,,,,
489316.858329213,6655229.91686872,54310,GLASCONT_00653,mono glasbol wit,M2008,CAMILLE HUYSMANSLAAN,39,2020,ZUID,Wilrijk,1999/12/31 00:00:00+00,,,Wekelijks,x,,x,,x,,,,,,,,,,
489306.487822998,6655226.72281773,54311,GLASCONT_00654,mono glasbol groen,M1657,CAMILLE HUYSMANSLAAN,39,2020,ZUID,Wilrijk,1999/12/31 00:00:00+00,,,Wekelijks,x,,x,,x,,,,,,,,,,
487494.818498043,6655527.64667252,54312,GLASCONT_00656,duo glasbol,D1066,SINT-CATHARINAPLEIN,,2020,ZUID,Kiel,1999/12/31 00:00:00+00,,,Wekelijks,x,,x,,x,,,,,,,x,,,
487065.436671705,6655451.95300597,54313,GLASCONT_00657,duo glasbol,D1071,EVERT LAROCKSTRAAT,8,2020,ZUID,Kiel,1999/12/31 00:00:00+00,,,Wekelijks,x,,x,,x,,,,,,,x,,,
487201.461724045,6654766.19476011,54314,GLASCONT_00659,mono glasbol wit,M1548,JAN DAVIDLEI,1,2020,ZUID,Kiel,1999/12/31 00:00:00+00,,,Wekelijks,x,,x,,x,,,,,,,x,,,
487194.561887709,6654770.6503382,54315,GLASCONT_00660,mono glasbol groen,M1618,ALFONS DE COCKSTRAAT,1,2020,ZUID,Kiel,2014/02/12 00:00:00+00,,,Wekelijks,x,,x,,x,,,,,,,x,,,
486936.876093246,6654617.05674217,54316,GLASCONT_00661,duo glasbol,D1121,JAN DAVIDLEI,72,2020,ZUID,Kiel,1999/12/31 00:00:00+00,,,Wekelijks,x,,x,,x,,,,,,,x,,,
489170.217211492,6659300.40514745,54317,GLASCONT_00670,duo glasbol,D1078,KLOOSTERSTRAAT_ANT,143,2000,MIDDEN,Centrum1,1999/12/31 00:00:00+00,,,Wekelijks,x,x,x,x,x,,,,,,,,,,
489369.271453085,6659405.66608206,54318,GLASCONT_00671,duo glasbol,D1090,SINT-ANDRIESPLAATS,24,2000,MIDDEN,Centrum1,1999/12/31 00:00:00+00,,,Wekelijks,x,x,x,x,x,,,,,,,,,,
490926.820536598,6658731.93757325,54319,GLASCONT_00672,ondergrondse duo,O1127-A623,MARIA-HENRIETTALEI_ANT,2,2018,MIDDEN,Centrum2,1999/12/31 00:00:00+00,,,Wekelijks,x,x,x,x,x,,,,x,,,,,,
491801.120155913,6658523.4626855,54320,GLASCONT_00673,mono glasbol wit,M1519,LOOSPLAATS,7,2018,MIDDEN,Centrum2,1999/12/31 00:00:00+00,,,Wekelijks,x,x,x,x,x,,,,x,,,,,,
491797.835969923,6658533.76996049,54321,GLASCONT_00674,mono glasbol groen,M1615,LOOSPLAATS,7,2018,MIDDEN,Centrum2,1999/12/31 00:00:00+00,,,Wekelijks,x,x,x,x,x,,,,x,,,,,,
491278.062048245,6658165.19926561,54322,GLASCONT_00676,duo glasbol,D1154,JACOB JORDAENSSTRAAT,91,2018,MIDDEN,Centrum2,1999/12/31 00:00:00+00,,,Wekelijks,x,x,x,x,x,,,,x,,,,x,,
491482.330190151,6657937.04143756,54323,GLASCONT_00677,duo glasbol,D1280,VERDRAAGZAAMHEIDSPLEIN,1,2018,MIDDEN,Centrum2,1999/12/31 00:00:00+00,,,Wekelijks,x,x,x,x,x,,,,x,,,,x,,
492025.185173014,6656752.09832374,54324,GLASCONT_00681,duo glasbol,D1160,BOOMGAARDSTRAAT_ANT,94,2018,MIDDEN,Centrum2,1999/12/31 00:00:00+00,,,Wekelijks,x,x,x,x,x,,,,x,,,,x,,
491241.650007132,6656494.50527581,54325,GLASCONT_00682,duo glasbol,D1229,PRINS ALBERTLEI_ANT,14,2018,MIDDEN,Centrum2,1999/12/31 00:00:00+00,,,Wekelijks,x,x,x,x,x,,,,,,,,,,
492623.414869742,6656346.08589545,54326,GLASCONT_00683,ondergrondse duo,O1106-A656,VICTOR JACOBSLEI,29,2600,MIDDEN,Centrum2,1999/12/31 00:00:00+00,,,Wekelijks,x,x,x,x,x,,,,x,,,,,,
493198.55685669,6656867.05522156,54327,GLASCONT_00684,duo glasbol,D1063,STANLEYSTRAAT,39,2018,MIDDEN,Centrum2,2022/10/19 22:00:00+00,,,Wekelijks,x,x,x,x,x,,,,x,,,,,,
492495.097211013,6656005.23066615,54328,GLASCONT_00685,ondergrondse duo,O1126-A629,DE VILLEGASSTRAAT,41,2600,MIDDEN,Centrum2,1999/12/31 00:00:00+00,,,Wekelijks,x,x,x,x,x,,,,x,,,,x,,
491550.716581689,6655636.28231622,54329,GLASCONT_00689,duo glasbol,D1133,DE WITTESTRAAT,52,2600,MIDDEN,Centrum2,1999/12/31 00:00:00+00,,,Wekelijks,x,x,x,x,x,,,,x,,,,,,
491741.665791764,6655856.52585385,54330,GLASCONT_00690,ondergrondse duo,O1112-A697,FRANS VAN HOMBEECKPLEIN,12,2600,MIDDEN,Centrum2,1999/12/31 00:00:00+00,,,Wekelijks,x,x,x,x,x,,,,x,,,,,,
491853.309557002,6656062.24129974,54331,GLASCONT_00693,ondergrondse duo,O1111-A661,FRANS JOCHEMSPLEIN,4,2600,MIDDEN,Centrum2,1999/12/31 00:00:00+00,,,Wekelijks,x,x,x,x,x,,,,x,,,,x,,
489011.055053162,6656375.28725825,54332,GLASCONT_00696,ondergrondse duo,O1135-A675,KIELSEVEST,,2018,MIDDEN,Centrum2,1999/12/31 00:00:00+00,,,Wekelijks,x,x,x,x,x,,,,,,,,,,
489977.748727219,6656572.11835032,54333,GLASCONT_00698,duo glasbol,D1268,MARKGRAVELEI,77,2018,MIDDEN,Centrum2,1999/12/31 00:00:00+00,,,Wekelijks,x,x,x,x,x,,,,,,,,,,
490108.287832463,6655819.74538966,54334,GLASCONT_00699,duo glasbol,D1103,JAN VAN RIJSWIJCKLAAN_ANT,154-156,2018,MIDDEN,Centrum2,1999/12/31 00:00:00+00,,,Wekelijks,x,x,x,x,x,,,,,,,,,,
489574.31781623,6656858.05842856,54335,GLASCONT_00700,duo glasbol,D1283,FRANSENPLAATS,3,2018,MIDDEN,Centrum2,1999/12/31 00:00:00+00,,,Wekelijks,x,x,x,x,x,,,,,,,,,,
490312.094203753,6657549.6964581,54336,GLASCONT_00707,mono glasbol wit,M2527,LANGE LOZANASTRAAT,72,2018,MIDDEN,Centrum2,1999/12/31 00:00:00+00,,,Wekelijks,x,x,x,x,x,,,,,,,,,,
490314.770506328,6657550.87692002,54337,GLASCONT_00708,mono glasbol groen,M2031,LANGE LOZANASTRAAT,72,2018,MIDDEN,Centrum2,1999/12/31 00:00:00+00,,,Wekelijks,x,x,x,x,x,,,,,,,,,,
490004.210646742,6654956.95786809,54338,GLASCONT_00710,duo glasbol,D1119,VOGELZANGLAAN,,2020,ZUID,Wilrijk,1999/12/31 00:00:00+00,,,Wekelijks,x,,x,,x,,,,,,,x,,,
488693.553912249,6657812.41798192,54339,GLASCONT_00719,ondergrondse duo,O1120-A632,BARON DHANISLAAN,,2000,MIDDEN,Centrum1,1999/12/31 00:00:00+00,,,Wekelijks,x,x,x,x,x,,,,,,,,,,
488697.534307127,6657813.13515497,54340,GLASCONT_00720,ondergrondse duo,O1121-A631,BARON DHANISLAAN,,2000,MIDDEN,Centrum1,1999/12/31 00:00:00+00,,,Wekelijks,x,x,x,x,x,,,,,,,,,,
490385.319454273,6662564.4754208,54341,GLASCONT_00725,duo glasbol,D3045,KATTENDIJKDOK-WESTKAAI,,2000,MIDDEN,Centrum1,1999/12/31 00:00:00+00,,,Wekelijks,x,x,x,x,x,,,,,,,,,,
490845.338181808,6659620.93387519,54342,GLASCONT_00726,mono glasbol groen,M1632,MARIA PIJPELINCXSTRAAT,1,2000,MIDDEN,Centrum1,1999/12/31 00:00:00+00,,,Wekelijks,x,x,x,x,x,,,,,,,,,,
490845.072190567,6659622.49819613,54343,GLASCONT_00727,mono glasbol wit,M1555,MARIA PIJPELINCXSTRAAT,1,2000,MIDDEN,Centrum1,1999/12/31 00:00:00+00,,,Wekelijks,x,x,x,x,x,,,,,,,,,,
491103.14245311,6661734.17167437,54344,GLASCONT_00728,ondergrondse duo,O1103-A741,ENTREPOTKAAI,,2000,MIDDEN,Centrum1,1999/12/31 00:00:00+00,,,Wekelijks,x,x,x,x,x,,,,,,,,,,
489726.251718793,6659739.16560843,54345,GLASCONT_00732,ondergrondse duo,O1132-A617,DRUKKERIJSTRAAT,36,2000,MIDDEN,Centrum1,1999/12/31 00:00:00+00,,,Wekelijks,x,x,x,x,x,,,,,,,,,,
489726.460853071,6659735.23890066,54346,GLASCONT_00733,ondergrondse duo,O1130-A618,DRUKKERIJSTRAAT,38,2000,MIDDEN,Centrum1,1999/12/31 00:00:00+00,,,Wekelijks,x,x,x,x,x,,,,,,,,,,
489271.167222537,6660116.27533283,54347,GLASCONT_00735,mono glasbol wit,M2503,ERNEST VAN DIJCKKAAI,2,2000,MIDDEN,Centrum1,1999/12/31 00:00:00+00,,,Wekelijks,x,x,x,x,x,,,,,,,,,,
489268.289342891,6660110.32428904,54348,GLASCONT_00736,mono glasbol groen,M2012,ERNEST VAN DIJCKKAAI,2,2000,MIDDEN,Centrum1,1999/12/31 00:00:00+00,,,Wekelijks,x,x,x,x,x,,,,,,,,,,
489964.120283047,6660243.69844835,54349,GLASCONT_00740,mono glasbol groen,M1680,GROENPLAATS,20,2000,MIDDEN,Centrum1,1999/12/31 00:00:00+00,,,Wekelijks,x,x,x,x,x,,,,,,,,,,
489958.78369706,6660244.83492882,54350,GLASCONT_00741,mono glasbol wit,M1556,GROENPLAATS,20,2000,MIDDEN,Centrum1,1999/12/31 00:00:00+00,,,Wekelijks,x,x,x,x,x,,,,,,,,,,
490133.805720015,6659577.38470965,54351,GLASCONT_00746,duo glasbol,D1096,,5,2000,MIDDEN,Centrum1,1999/12/31 00:00:00+00,,,Wekelijks,x,x,x,x,x,,,,,,,,,,
490845.941314415,6659616.53893736,54352,GLASCONT_00747,mono glasbol groen,M1644,MARIA PIJPELINCXSTRAAT,2,2000,MIDDEN,Centrum1,1999/12/31 00:00:00+00,,,Wekelijks,x,x,x,x,x,,,,,,,,,,
490845.201449333,6659626.03891882,54353,GLASCONT_00748,mono glasbol wit,M1505,MARIA PIJPELINCXSTRAAT,2,2000,MIDDEN,Centrum1,1999/12/31 00:00:00+00,,,Wekelijks,x,x,x,x,x,,,,,,,,,,
490363.618128223,6659190.83538383,54354,GLASCONT_00749,ondergrondse duo,O1128-A620,LANGE GASTHUISSTRAAT,45,2000,MIDDEN,Centrum1,1999/12/31 00:00:00+00,,,Wekelijks,x,x,x,x,x,,,,,,,,,,
490938.716556998,6660537.63267151,54355,GLASCONT_00753,duo glasbol,A344,KEIZERSTRAAT,71,2000,MIDDEN,Centrum1,1999/12/31 00:00:00+00,,,Wekelijks,x,x,x,x,x,,,,,,,,,,
492855.052005147,6660535.39551017,54356,GLASCONT_00756,ondergrondse duo,O1135-A606,OFFERANDESTRAAT,114,2060,MIDDEN,Centrum3,1999/12/31 00:00:00+00,,,Wekelijks,x,x,x,x,x,,,,,,,,,,
492798.206807251,6660655.6494244,54357,GLASCONT_00757,ondergrondse duo,O1129-A616,DUINSTRAAT,15,2060,MIDDEN,Centrum3,1999/12/31 00:00:00+00,,,Wekelijks,x,x,x,x,x,,,,,,,,,,
492485.582114127,6660787.72353361,54358,GLASCONT_00758,duo glasbol,D1074,SINT-ELISABETHSTRAAT,57,2060,MIDDEN,Centrum3,1999/12/31 00:00:00+00,,,Wekelijks,x,x,x,x,x,,,,,,,,,,
491844.040125063,6660660.19752608,54359,GLASCONT_00760,duo glasbol,D1255,OSYSTRAAT,16,2060,MIDDEN,Centrum3,1999/12/31 00:00:00+00,,,Wekelijks,x,x,x,x,x,,,,,,,,,,
492076.885094017,6660547.38878076,54360,GLASCONT_00761,duo glasbol,D1271,DE CONINCKPLEIN,6,2060,MIDDEN,Centrum3,1999/12/31 00:00:00+00,,,Wekelijks,x,x,x,x,x,,,,,,,,,,
482910.461375783,6651657.1749283,54361,GLASCONT_00766,duo glasbol,D1060,ACHTURENDAGSTRAAT,27,2660,ZUID,Hoboken,1999/12/31 00:00:00+00,,,Wekelijks,,x,,x,,,,,,,,x,,,
492524.28150291,6662459.33091481,54362,GLASCONT_00780,duo glasbol,D1117,DAMPLEIN,86,2060,MIDDEN,Centrum3,1999/12/31 00:00:00+00,,,Wekelijks,x,x,x,x,x,,,,,,,,,,
492707.019837297,6662373.77253078,54363,GLASCONT_00781,duo glasbol,D1114,DAMPLEIN,27,2060,MIDDEN,Centrum3,1999/12/31 00:00:00+00,,,Wekelijks,x,x,x,x,x,,,,,,,,,,
494126.415242515,6660037.6114142,54364,GLASCONT_00791,duo glasbol,D1214,HELMSTRAAT,163,2140,MIDDEN,Borgerhout,1999/12/31 00:00:00+00,,,Wekelijks,x,x,x,x,x,,,,,,,,,,
495204.378434994,6660393.45725071,54365,GLASCONT_00793,mono glasbol wit,M1581,BUURTSPOORWEGLEI,28,2140,MIDDEN,Borgerhout,1999/12/31 00:00:00+00,,,Wekelijks,x,x,x,x,x,,,,,,,,,,
495179.583480069,6660382.70230617,54366,GLASCONT_00794,mono glasbol groen,M1659,BUURTSPOORWEGLEI,28,2140,MIDDEN,Borgerhout,1999/12/31 00:00:00+00,,,Wekelijks,x,x,x,x,x,,,,,,,,,,
492898.104102154,6661438.33932756,54367,GLASCONT_00795,duo glasbol,D1250,NIJVERHEIDSTRAAT,,2060,MIDDEN,Centrum3,1999/12/31 00:00:00+00,,,Wekelijks,x,x,x,x,x,,,,,,,,,,
493313.014721284,6660077.50703872,54368,GLASCONT_00799,ondergrondse duo,O0111-A603,KERKSTRAAT,80,2060,MIDDEN,Centrum3,1999/12/31 00:00:00+00,,,Wekelijks,x,x,x,x,x,,,,,,,,,,
494685.953344308,6659405.79854781,54369,GLASCONT_00803,duo glasbol,D1139,TURNHOUTSEBAAN_BO,48,2140,MIDDEN,Borgerhout,1999/12/31 00:00:00+00,,,Wekelijks,x,x,x,x,x,,,,,,,,,,
493623.578410563,6659722.65821122,54370,GLASCONT_00807,duo glasbol,D1183,LAAR_BO,29,2140,MIDDEN,Borgerhout,1999/12/31 00:00:00+00,,,Wekelijks,x,x,x,x,x,,,,,,,,,,
493867.980837283,6660757.19759205,54371,GLASCONT_00808,duo glasbol,D1257,LANGE BEELDEKENSSTRAAT,322,2060,MIDDEN,Centrum3,1999/12/31 00:00:00+00,,,Wekelijks,x,x,x,x,x,,,,,,,,,,
493517.301473566,6661048.25035154,54372,GLASCONT_00810,ondergrondse duo,O1122-A612,SCHOOLSTRAAT,3,2060,MIDDEN,Centrum3,1999/12/31 00:00:00+00,,,Wekelijks,x,x,x,x,x,,,,,,,,,,
493524.324850319,6661541.37555729,54373,GLASCONT_00812,duo glasbol,D1191,POMPOENSTRAAT,2,2060,MIDDEN,Centrum3,1999/12/31 00:00:00+00,,,Wekelijks,x,x,x,x,x,,,,,,,,,,
492184.971647597,6654941.12740441,54374,GLASCONT_00816,ondergrondse duo,O1113-A630,COREMANSSTRAAT,,2600,ZUID,Berchem,1999/12/31 00:00:00+00,,,Wekelijks,,x,,x,,,,,,,,,,,
492402.299773417,6654589.55514989,54375,GLASCONT_00817,duo glasbol,D1225,ELISABETHLAAN,42,2600,ZUID,Berchem,1999/12/31 00:00:00+00,,,Wekelijks,,x,,x,,,,,,,,,,,
491881.273252549,6654385.72212722,54376,GLASCONT_00818,duo glasbol,D1158,GERARD LE GRELLELAAN,,2600,ZUID,Berchem,1999/12/31 00:00:00+00,,,Wekelijks,,x,,x,,,,,,,,,,,
492399.917286031,6653424.46517464,54377,GLASCONT_00819,duo glasbol,D1216,PRINSES JOSEPHINE CHARLOTTELAAN,298,2600,ZUID,Berchem,1999/12/31 00:00:00+00,,,Wekelijks,,x,,x,,,,,,,,,,,
493724.699642409,6653360.15051575,54378,GLASCONT_00821,duo glasbol,D1182,FRUITHOFLAAN,17,2600,ZUID,Berchem,1999/12/31 00:00:00+00,,,Wekelijks,x,,x,,x,,,,,,,,,,
493444.377624369,6653161.78916092,54379,GLASCONT_00822,duo glasbol,D1157,RINGLAAN_BE,1,2600,ZUID,Berchem,1999/12/31 00:00:00+00,,,Wekelijks,,x,,x,,,,,,,,,,,
493460.587236394,6653795.39676328,54380,GLASCONT_00823,mono glasbol wit,M1571,DE ROEST D'ALKEMADELAAN,,2600,ZUID,Berchem,1999/12/31 00:00:00+00,,,Wekelijks,,x,,x,,,,,,,,,,,
493461.699498924,6653789.22775782,54381,GLASCONT_00824,mono glasbol groen,M1620,DE ROEST D'ALKEMADELAAN,,2600,ZUID,Berchem,1999/12/31 00:00:00+00,,,Wekelijks,,x,,x,,,,,,,,,,,
493765.880469255,6654116.84024164,54382,GLASCONT_00825,duo glasbol,D1215,ROOIPLEIN,6,2600,ZUID,Berchem,1999/12/31 00:00:00+00,,,Wekelijks,,x,,x,,,,,,,,,,,
494128.141384312,6653700.62648318,54383,GLASCONT_00826,mono glasbol wit,M1529,FLOR ALPAERTSSTRAAT,,2600,ZUID,Berchem,1999/12/31 00:00:00+00,,,Wekelijks,,x,,x,,,,,,,,,,,
494133.459305347,6653694.43587776,54384,GLASCONT_00827,mono glasbol groen,M1656,FLOR ALPAERTSSTRAAT,,2600,ZUID,Berchem,1999/12/31 00:00:00+00,,,Wekelijks,,x,,x,,,,,,,,,,,
494385.59753603,6653942.3962741,54385,GLASCONT_00828,mono glasbol wit,M1561,FRUITHOFLAAN,99,2600,ZUID,Berchem,1999/12/31 00:00:00+00,,,Wekelijks,,x,,x,,,,,,,,,,,
494387.270309656,6653944.13875232,54386,GLASCONT_00829,mono glasbol groen,M1623,FRUITHOFLAAN,99,2600,ZUID,Berchem,1999/12/31 00:00:00+00,,,Wekelijks,,x,,x,,,,,,,,,,,
494354.861576962,6654945.86046712,54387,GLASCONT_00830,duo glasbol,D1198,SPOORWEGSTRAAT,79,2600,ZUID,Berchem,1999/12/31 00:00:00+00,,,Wekelijks,,x,,x,,,,,,,,,,,
493120.203093336,6654722.65545532,54388,GLASCONT_00833,duo glasbol,D1173,HENRI PROSTLAAN,5,2600,ZUID,Berchem,1999/12/31 00:00:00+00,,,Wekelijks,,x,,x,,,,,,,,,,,
493424.101512252,6655581.04092054,54389,GLASCONT_00834,duo glasbol,D1167,,49,2600,ZUID,Berchem,1999/12/31 00:00:00+00,,,Wekelijks,,x,,x,,,,,,,,,,,
494752.72350201,6655962.82272255,54390,GLASCONT_00841,ondergrondse duo,O1123-A679,DIANALAAN,176,2600,ZUID,Berchem,1999/12/31 00:00:00+00,,,Wekelijks,,x,,x,,,,,,,,,,,
494750.270158845,6656264.2307322,54391,GLASCONT_00843,ondergrondse duo,O1137-A704,DIANALAAN,133,2600,ZUID,Berchem,1999/12/31 00:00:00+00,,,Wekelijks,,x,,x,,,,,,,,,,,
497573.412861195,6661824.99660576,54392,GLASCONT_00850,mono glasbol groen,M1599,TER HEYDELAAN,235,2100,NOORD,Deurne,1999/12/31 00:00:00+00,,,Wekelijks,,x,,x,,,,,,,,,,,
497567.575848288,6661820.49237227,54393,GLASCONT_00851,mono glasbol wit,M1509,TER HEYDELAAN,235,2100,NOORD,Deurne,1999/12/31 00:00:00+00,,,Wekelijks,,x,,x,,,,,,,,,,,
497843.108735154,6661323.91444993,54394,GLASCONT_00852,mono glasbol wit,M1528,BARON LEROYSTRAAT,142,2100,NOORD,Deurne,1999/12/31 00:00:00+00,,,Wekelijks,,x,,x,,,,,,,,,,,
497847.387611147,6661316.37835113,54395,GLASCONT_00853,mono glasbol groen,M1589,BARON LEROYSTRAAT,142,2100,NOORD,Deurne,1999/12/31 00:00:00+00,,,Wekelijks,,x,,x,,,,,,,,,,,
497522.478367875,6660988.62670674,54396,GLASCONT_00854,mono glasbol wit,M1560,TER RIVIERENLAAN,111,2100,NOORD,Deurne,1999/12/31 00:00:00+00,,,Wekelijks,,x,,x,,,,,,,,,,,
497522.492976701,6660996.32118967,54397,GLASCONT_00855,mono glasbol groen,M1643,TER RIVIERENLAAN,111,2100,NOORD,Deurne,1999/12/31 00:00:00+00,,,Wekelijks,,x,,x,,,,,,,,,,,
498623.280356223,6661048.35099225,54398,GLASCONT_00858,mono glasbol wit,M1512,RUGGEVELDLAAN_DEn,618,2100,NOORD,Deurne,1999/12/31 00:00:00+00,,,Wekelijks,,x,,x,,,,,,,,,,,
498625.392886668,6661055.23299862,54399,GLASCONT_00859,mono glasbol groen,M1601,RUGGEVELDLAAN_DEn,618,2100,NOORD,Deurne,1999/12/31 00:00:00+00,,,Wekelijks,,x,,x,,,,,,,,,,,
499049.99986889,6662483.19708845,54400,GLASCONT_00864,duo glasbol,D1187,TER HEYDELAAN,,2100,NOORD,Deurne,1999/12/31 00:00:00+00,,,Wekelijks,,x,,x,,,,,,,,,,,
498532.192959338,6662462.12106131,54401,GLASCONT_00865,mono glasbol wit,M1633,TER HEYDELAAN,,2100,NOORD,Deurne,1999/12/31 00:00:00+00,,,Wekelijks,,x,,x,,,,,,,,,,,
498521.987984344,6662456.42936113,54402,GLASCONT_00866,mono glasbol groen,M1546,TER HEYDELAAN,450,2100,NOORD,Deurne,1999/12/31 00:00:00+00,,,Wekelijks,,x,,x,,,,,,,,,,,
497013.695945641,6662997.03229515,54403,GLASCONT_00868,duo glasbol,D1145,KEESINGLAAN,13,2100,NOORD,Deurne,1999/12/31 00:00:00+00,,,Wekelijks,,x,,x,,,,,,,,,,,
499413.233427295,6660452.56488544,54404,GLASCONT_00870,duo glasbol,D1009,ZWARTE-ARENDLAAN,263,2100,NOORD,Deurne,1999/12/31 00:00:00+00,,,Wekelijks,,x,,x,,,,,,,,,,,
496265.481601099,6661261.12693217,54405,GLASCONT_00871,duo glasbol,D1027,TER HEYDELAAN,36,2100,NOORD,Deurne,1999/12/31 00:00:00+00,,,Wekelijks,x,,x,,x,,,,,,,,,,
495933.175202808,6660357.70952211,54406,GLASCONT_00872,duo glasbol,D1035,LAKBORSLEI,10,2100,NOORD,Deurne,1999/12/31 00:00:00+00,,,Wekelijks,,x,,x,,,,,,,,,,,
495651.51209437,6661192.61333952,54407,GLASCONT_00873,mono glasbol wit,M1613,TEN EEKHOVELEI,43,2100,NOORD,Deurne,1999/12/31 00:00:00+00,,,Wekelijks,,x,,x,,,,,,,,,,,
495652.902264757,6661201.61160603,54408,GLASCONT_00874,mono glasbol groen,M1534,TEN EEKHOVELEI,43,2100,NOORD,Deurne,1999/12/31 00:00:00+00,,,Wekelijks,,x,,x,,,,,,,,,,,
495536.398616596,6661377.60620798,54409,GLASCONT_00875,duo glasbol,D1006,JOZEF NELLENSLEI,1,2100,NOORD,Deurne,1999/12/31 00:00:00+00,,,Wekelijks,x,,x,,x,,,,,,,,,,
496704.415157761,6660513.55005944,54410,GLASCONT_00878,mono glasbol wit,M1531,GALLIFORTLEI,39,2100,NOORD,Deurne,1999/12/31 00:00:00+00,,,Wekelijks,,x,,x,,,,,,,,,,,
496699.572186475,6660506.6323316,54411,GLASCONT_00879,mono glasbol groen,M1610,GALLIFORTLEI,39,2100,NOORD,Deurne,1999/12/31 00:00:00+00,,,Wekelijks,,x,,x,,,,,,,,,,,
496732.858411787,6661164.99833626,54412,GLASCONT_00880,duo glasbol,D1004,CORNELIS SCHUTSTRAAT,22,2100,NOORD,Deurne,1999/12/31 00:00:00+00,,,Wekelijks,,x,,x,,,,,,,,,,,
494964.703889298,6662112.18272809,54413,GLASCONT_00881,duo glasbol,D1287,BISSCHOPPENHOFLAAN,68,2100,NOORD,Deurne,1999/12/31 00:00:00+00,,,Wekelijks,x,,x,,x,,,,,,,,,,
495203.095754414,6662559.71454218,54414,GLASCONT_00883,duo glasbol,D1115,VAN AMSTELSTRAAT_DE,129,2100,NOORD,Deurne,1999/12/31 00:00:00+00,,,Wekelijks,x,,x,,x,,,,,,,,,,
495521.955080134,6662045.79368758,54415,GLASCONT_00885,duo glasbol,D1262,VAN DEYNSESTRAAT,127,2100,NOORD,Deurne,1999/12/31 00:00:00+00,,,Wekelijks,x,,x,,x,,,,,,,,,,
496557.629984842,6662410.86941933,54416,GLASCONT_00891,mono glasbol wit,M1547,SUZANNE SPANHOVENSTRAAT,21,2100,NOORD,Deurne,1999/12/31 00:00:00+00,,,Wekelijks,,x,,x,,,,,,,,,,,
496565.229836198,6662412.93722838,54417,GLASCONT_00892,mono glasbol groen,M1621,SUZANNE SPANHOVENSTRAAT,21,2100,NOORD,Deurne,1999/12/31 00:00:00+00,,,Wekelijks,,x,,x,,,,,,,,,,,
496963.931664812,6662035.7368844,54418,GLASCONT_00894,duo glasbol,D1146,BOSUIL,160,2100,NOORD,Deurne,1999/12/31 00:00:00+00,,,Wekelijks,,x,,x,,,,,,,,,,,
496178.336946506,6661845.46343366,54419,GLASCONT_00895,duo glasbol,D1059,CONFORTALEI,131,2100,NOORD,Deurne,1999/12/31 00:00:00+00,,,Wekelijks,,x,,x,,,,,,,,,,,
496640.879534257,6661606.16071102,54420,GLASCONT_00896,mono glasbol wit,M1612,BLIVENSSTRAAT,54,2100,NOORD,Deurne,1999/12/31 00:00:00+00,,,Wekelijks,x,,x,,x,,,,,,,,,,
496648.479536524,6661608.92008152,54421,GLASCONT_00897,mono glasbol groen,M1538,BLIVENSSTRAAT,54,2100,NOORD,Deurne,1999/12/31 00:00:00+00,,,Wekelijks,x,,x,,x,,,,,,,,,,
499518.905672951,6661097.97452286,54422,GLASCONT_00898,duo glasbol,D1062,HAVIKLAAN,67,2100,NOORD,Deurne,1999/12/31 00:00:00+00,,,Wekelijks,x,,x,,x,,,,,,,,,,
499172.657863757,6661009.65724326,54423,GLASCONT_00899,duo glasbol,D1050,PROFESSOR VAN DEN WILDENBERGLAAN,48,2100,NOORD,Deurne,1999/12/31 00:00:00+00,,,Wekelijks,x,,x,,x,,,,,,,,,,
495062.428932049,6664406.96662332,54424,GLASCONT_00900,duo glasbol,D1056,SINT-BARTHOLOMEUSSTRAAT,118,2170,NOORD,Merksem,1999/12/31 00:00:00+00,,,Wekelijks,x,,x,,x,,,,,,,x,,,
495952.437488221,6665506.67927363,54425,GLASCONT_00904,mono glasbol groen,M1541,VICTOR ROOSENSPLEIN,45,2170,NOORD,Merksem,1999/12/31 00:00:00+00,,,Wekelijks,x,,x,,x,,,,,,,x,,,
497003.590212627,6665563.01505347,54426,GLASCONT_00905,duo glasbol,D1054,WILDERT,120,2170,NOORD,Merksem,1999/12/31 00:00:00+00,,,Wekelijks,,x,,x,,,,,,,,x,,,
496894.98990577,6666280.59749973,54427,GLASCONT_00906,mono glasbol groen,M1603,WINKELSTAP,252,2170,NOORD,Merksem,1999/12/31 00:00:00+00,,,Wekelijks,,x,,x,,,,,,,,x,,,
496895.411173375,6666287.55599867,54428,GLASCONT_00907,mono glasbol wit,M1536,WINKELSTAP,252,2170,NOORD,Merksem,1999/12/31 00:00:00+00,,,Wekelijks,,x,,x,,,,,,,,x,,,
496153.953097043,6665953.07076285,54429,GLASCONT_00908,duo glasbol,D1025,BREDABAAN,783a,2170,NOORD,Merksem,1999/12/31 00:00:00+00,,,Wekelijks,,x,,x,,,,,,,,x,,,
496452.07932172,6666187.67077856,54430,GLASCONT_00909,mono glasbol wit,M1521,,833,2170,NOORD,Merksem,1999/12/31 00:00:00+00,,,Wekelijks,,x,,x,,,,,,,,x,,,
496447.617628379,6666175.66430472,54431,GLASCONT_00910,mono glasbol groen,M1595,,833,2170,NOORD,Merksem,1999/12/31 00:00:00+00,,,Wekelijks,,x,,x,,,,,,,,x,,,
495717.836220812,6666422.03652513,54432,GLASCONT_00912,duo glasbol,D1032,RINGLAAN_ME,110,2170,NOORD,Merksem,1999/12/31 00:00:00+00,,,Wekelijks,x,,x,,x,,,,,,,x,,,
496528.06448991,6666702.39833361,54433,GLASCONT_00914,duo glasbol,D1026,BREDABAAN,21 TO KRUIDVAT,2170,NOORD,Merksem,1999/12/31 00:00:00+00,,,Wekelijks,,x,,x,,,,,,,,x,,,
496406.991122045,6668033.5270489,54434,GLASCONT_00917,duo glasbol,D1013,FORTSTEENWEG,120,2170,NOORD,Merksem,1999/12/31 00:00:00+00,,,Wekelijks,,x,,x,,,,,,,,x,,,
496670.925318299,6667423.44128794,54435,GLASCONT_00918,duo glasbol,D1053,FORTSTEENWEG,,2170,NOORD,Merksem,2018/02/28 00:00:00+00,,,Wekelijks,,x,,x,,,,,,,,,,,
494683.181031512,6667353.49825391,54436,GLASCONT_00919,duo glasbol,D1049,VOLKSTUINLEI,28,2170,NOORD,Merksem,1999/12/31 00:00:00+00,,,Wekelijks,x,,x,,x,,,,,,,x,,,
494506.750208526,6667138.39094605,54437,GLASCONT_00920,duo glasbol,D1077,KWADEVELDENPLEIN,54,2170,NOORD,Merksem,1999/12/31 00:00:00+00,,,Wekelijks,,x,,x,,,,,,,,x,,,
494084.118156101,6667427.63885086,54438,GLASCONT_00921,duo glasbol,D1039,LAARSEBAAN,,2170,NOORD,Merksem,1999/12/31 00:00:00+00,,,Wekelijks,x,,x,,x,,,,,,,x,,,
494617.905849945,6666582.71938076,54439,GLASCONT_00922,duo glasbol,D1002,MAANTJESSTEENWEG,92,2170,NOORD,Merksem,1999/12/31 00:00:00+00,,,Wekelijks,,x,,x,,,,,,,,x,,,
495056.291935743,6666829.67181945,54440,GLASCONT_00923,duo glasbol,D1031,KORTE BREMSTRAAT,2,2170,NOORD,Merksem,1999/12/31 00:00:00+00,,,Wekelijks,x,,x,,x,,,,,,,x,,,
495208.151120668,6665781.66892381,54441,GLASCONT_00924,ondergrondse duo,O1116-A665,KROONPLEIN,1,2170,NOORD,Merksem,1999/12/31 00:00:00+00,,,Wekelijks,,x,,x,,,,,,,,x,,,
495552.06947091,6665370.22986957,54442,GLASCONT_00927,duo glasbol,D1051,DOKTER MAURICE TIMMERMANSLAAN,20,2170,NOORD,Merksem,1999/12/31 00:00:00+00,,,Wekelijks,,x,,x,,,,,,,,x,,,
495381.377946854,6667486.00060653,54443,GLASCONT_00930,duo glasbol,D1033,ZWAANTJESLEI,93,2170,NOORD,Merksem,1999/12/31 00:00:00+00,,,Wekelijks,,x,,x,,,,,,,,x,,,
493338.410760213,6667245.90424295,54444,GLASCONT_00932,duo glasbol,D1282,WULPSTRAAT,41,2170,NOORD,Merksem,1999/12/31 00:00:00+00,,,Wekelijks,x,,x,,x,,,,,,,x,,,
492874.584211291,6665618.33230694,54445,GLASCONT_00933,duo glasbol,D1081,BERGEN OP ZOOMLAAN,41,2170,NOORD,Merksem,1999/12/31 00:00:00+00,,,Wekelijks,x,,x,,x,,,,,,,x,,,
491995.763857786,6664331.27412368,54446,GLASCONT_00934,duo glasbol,D1150,STRAATSBURGDOK NOORDKAAI,29,2030,NOORD,Luchtbal,1999/12/31 00:00:00+00,,,Wekelijks,x,,x,,x,,,,,,x,,,,
492099.835013947,6664467.58786363,54447,GLASCONT_00935,duo glasbol,D1176,NOORDERLAAN_ANT,100,2030,NOORD,Luchtbal,1999/12/31 00:00:00+00,,,Wekelijks,x,,x,,x,,,,,,,,,,
492256.49759356,6664770.27004934,54448,GLASCONT_00936,duo glasbol,D1188,GROENENDAALLAAN_ANT,348,2030,NOORD,Luchtbal,1999/12/31 00:00:00+00,,,Wekelijks,,x,,x,,,,,,,,,,,
492385.112762313,6666198.45414505,54449,GLASCONT_00938,duo glasbol,D1153,VENEZUELASTRAAT,112,2030,NOORD,Luchtbal,1999/12/31 00:00:00+00,,,Wekelijks,,x,,x,,,,,,,,,,,
492429.450964761,6666846.02345139,54450,GLASCONT_00940,duo glasbol,D1161,LIVERPOOLLAAN,10,2030,NOORD,Luchtbal,1999/12/31 00:00:00+00,,,Wekelijks,,x,,x,,,,,,,,,,,
492201.110027693,6667315.27296754,54451,GLASCONT_00941,duo glasbol,D1136,GENERAAL SIMONDSLAAN,8,2030,NOORD,Luchtbal,1999/12/31 00:00:00+00,,,Wekelijks,,x,,x,,,,,,,,,,,
492678.896092779,6667449.50759212,54452,GLASCONT_00942,duo glasbol,D1134,PHILADELPHIASTRAAT,36,2030,NOORD,Luchtbal,1999/12/31 00:00:00+00,,,Wekelijks,,x,,x,,,,,,,,,,,
491701.381864249,6668978.49924402,54453,GLASCONT_00947,duo glasbol,D1087,KAREL CANDAELSTRAAT,,2180,NOORD,Ekeren,1999/12/31 00:00:00+00,,,Wekelijks,,x,,x,,,,,,,,,,,
491106.933626347,6669527.20555456,54454,GLASCONT_00949,duo glasbol,D1012,HERMAN VOSSTRAAT_EK,1,2180,NOORD,Ekeren,1999/12/31 00:00:00+00,,,Wekelijks,,x,,x,,,,,,,,,,,
491645.339011794,6669688.52002134,54455,GLASCONT_00950,duo glasbol,D1109,FERDINAND VERBIESTSTRAAT,71,2180,NOORD,Ekeren,1999/12/31 00:00:00+00,,,Wekelijks,x,,x,,x,,,,,,,,,,
490857.949394875,6670552.42996851,54456,GLASCONT_00952,duo glasbol,D1100,LEGENDESTRAAT,2,2180,NOORD,Ekeren,1999/12/31 00:00:00+00,,,Wekelijks,x,,x,,x,,,,,,,,,,
491466.222156211,6671933.02569364,54457,GLASCONT_00954,duo glasbol,D1055,KOUTER,29,2180,NOORD,Ekeren,1999/12/31 00:00:00+00,,,Wekelijks,,x,,x,,,,,,,,,,,
491880.546239003,6671645.7393987,54458,GLASCONT_00955,duo glasbol,D1079,VIC HEYMANSTRAAT,38,2180,NOORD,Ekeren,1999/12/31 00:00:00+00,,,Wekelijks,,x,,x,,,,,,,,,,,
491703.090862371,6671416.38296382,54459,GLASCONT_00956,mono glasbol groen,M1638,,84,2180,NOORD,Ekeren,1999/12/31 00:00:00+00,,,Wekelijks,x,,x,,x,,,,,,,,,,
491705.521890736,6671417.16135039,54460,GLASCONT_00957,mono glasbol wit,M1551,,84,2180,NOORD,Ekeren,1999/12/31 00:00:00+00,,,Wekelijks,x,,x,,x,,,,,,,,,,
492113.556635555,6671178.79674281,54461,GLASCONT_00958,mono glasbol groen,M1622,GEESTENSPOOR,5,2180,NOORD,Ekeren,1999/12/31 00:00:00+00,,,Wekelijks,,x,,x,,,,,,,,,,,
492115.526669518,6671181.08295249,54462,GLASCONT_00959,mono glasbol wit,M1553,GEESTENSPOOR,5,2180,NOORD,Ekeren,1999/12/31 00:00:00+00,,,Wekelijks,,x,,x,,,,,,,,,,,
491682.490547819,6670647.85335138,54463,GLASCONT_00961,duo glasbol,D1072,GROOT HAGELKRUIS,6,2180,NOORD,Ekeren,1999/12/31 00:00:00+00,,,Wekelijks,,x,,x,,,,,,,,,,,
492761.352088597,6657845.60867909,54464,GLASCONT_00963,duo glasbol,D1286,ARENDSTRAAT,1,2018,MIDDEN,Centrum2,1999/12/31 00:00:00+00,,,Wekelijks,x,x,x,x,x,,,,,,,,,,
493404.846002319,6658150.74350677,54465,GLASCONT_00967,duo glasbol,D1190,DOOR VERSTRAETEPLAATS,1,2018,MIDDEN,Centrum2,1999/12/31 00:00:00+00,,,Wekelijks,x,x,x,x,x,,,,,,,,,,
490792.195019787,6655960.6689268,54466,GLASCONT_00972,mono glasbol groen,M1617,MARKGRAVELEI,,2018,MIDDEN,Centrum2,1999/12/31 00:00:00+00,,,Wekelijks,x,x,x,x,x,,,,,,,,,,
490423.970583167,6661543.26465518,54467,GLASCONT_00975,ondergrondse wit,O1119-A645,OUDELEEUWENRUI,1,2000,MIDDEN,Centrum1,1999/12/31 00:00:00+00,,,Wekelijks,x,x,x,x,x,,,,,,,,,,
490423.517180075,6661528.9521006,54468,GLASCONT_00976,ondergrondse groen,O1118-A646,OUDELEEUWENRUI,4,2000,MIDDEN,Centrum1,1999/12/31 00:00:00+00,,,Wekelijks,x,x,x,x,x,,,,,,,,,,
488799.381616647,6662964.75548084,54469,GLASCONT_01002,duo glasbol,D1249,JACHTHAVENWEG,,2050,MIDDEN,Linkeroever,1999/12/31 00:00:00+00,,,Wekelijks,x,x,x,x,x,,,,,x,,,,,
495270.978576273,6657827.11437143,54470,GLASCONT_01005,mono glasbol wit,M1579,DE SCHANS,69,2140,ZUID,Deurne zuid Borgerhout,1999/12/31 00:00:00+00,,,Wekelijks,,x,,x,,,,,,,,,,,
495405.101605651,6656782.84512172,54471,GLASCONT_01011,mono glasbol groen,M1588,KAREL DE PRETERLEI,222,2140,ZUID,Deurne zuid Borgerhout,1999/12/31 00:00:00+00,,,Wekelijks,,x,,x,,,,,,,,,,,
496208.315113396,6655698.7912649,54472,GLASCONT_01016,mono glasbol wit,M1506,RUIMTEVAARTLAAN_DE,29,2100,ZUID,Deurne zuid Borgerhout,1999/12/31 00:00:00+00,,,Wekelijks,,x,,x,,,,,,,,,,,
496213.9052748,6655695.41877794,54473,GLASCONT_01017,mono glasbol groen,M1666,RUIMTEVAARTLAAN_DE,29,2100,ZUID,Deurne zuid Borgerhout,1999/12/31 00:00:00+00,,,Wekelijks,,x,,x,,,,,,,,,,,
496996.479835045,6656111.17743198,54474,GLASCONT_01019,duo glasbol,D1201,UNITASLAAN,97,2100,ZUID,Deurne zuid Borgerhout,1999/12/31 00:00:00+00,,,Wekelijks,,x,,x,,,,,,,,,,,
497308.300355497,6655858.36150398,54475,GLASCONT_01021,duo glasbol,D1206,DRAKENHOFLAAN,169,2100,ZUID,Deurne zuid Borgerhout,1999/12/31 00:00:00+00,,,Wekelijks,,x,,x,,,,,,,,,,,
497642.228650017,6656644.86851881,54476,GLASCONT_01023,mono glasbol wit,M1565,EKSTERLAAR,163,2100,ZUID,Deurne zuid Borgerhout,1999/12/31 00:00:00+00,,,Wekelijks,x,,x,,x,,,,,,,,,,
497638.305481471,6656639.8263637,54477,GLASCONT_01024,mono glasbol groen,M1637,EKSTERLAAR,163,2100,ZUID,Deurne zuid Borgerhout,1999/12/31 00:00:00+00,,,Wekelijks,x,,x,,x,,,,,,,,,,
497600.628723309,6657257.79823779,54478,GLASCONT_01025,duo glasbol,D1166,SCHOGGESTRAAT,118,2100,ZUID,Deurne zuid Borgerhout,1999/12/31 00:00:00+00,,,Wekelijks,x,,x,,x,,,,,,,,,,
497940.442185719,6658464.43371349,54479,GLASCONT_01029,duo glasbol,D1238,NIEUWE DONK,12,2100,ZUID,Deurne zuid Borgerhout,1999/12/31 00:00:00+00,,,Wekelijks,,x,,x,,,,,,,,,,,
498704.294694605,6658021.96359057,54480,GLASCONT_01030,duo glasbol,D1245,VAN STRYDONCKLAAN,400,2100,ZUID,Deurne zuid Borgerhout,1999/12/31 00:00:00+00,,,Wekelijks,x,,x,,x,,,,,,,,,,
497122.371464578,6658585.76184928,54481,GLASCONT_01031,mono glasbol wit,M2539,VAARTWEG,,2100,ZUID,Deurne zuid Borgerhout,1999/12/31 00:00:00+00,,,Wekelijks,x,,x,,x,,,,,,,,,,
497105.572511445,6658587.50896468,54482,GLASCONT_01032,mono glasbol groen,M2035,VAARTWEG,,2100,ZUID,Deurne zuid Borgerhout,1999/12/31 00:00:00+00,,,Wekelijks,x,,x,,x,,,,,,,,,,
496468.944419473,6656565.91221499,54483,GLASCONT_01035,duo glasbol,D1171,BOEKENBERGLEI,129,2100,ZUID,Deurne zuid Borgerhout,1999/12/31 00:00:00+00,,,Wekelijks,x,,x,,x,,,,,,,,,,
495793.586216894,6657920.88991706,54484,GLASCONT_01036,mono glasbol groen,M1655,VAN HAVREPLEIN,,2100,ZUID,Deurne zuid Borgerhout,1999/12/31 00:00:00+00,,,Wekelijks,,x,,x,,,,,,,,,,,
495793.959641241,6657915.96091792,54485,GLASCONT_01037,mono glasbol wit,M1582,VAN HAVREPLEIN,,2100,ZUID,Deurne zuid Borgerhout,1999/12/31 00:00:00+00,,,Wekelijks,,x,,x,,,,,,,,,,,
496295.923251434,6657974.81734032,54486,GLASCONT_01039,mono glasbol wit,M1530,ARENAPLEIN,,2100,ZUID,Deurne zuid Borgerhout,1999/12/31 00:00:00+00,,,Wekelijks,,x,,x,,,,,,,,,,,
495583.672083305,6658296.46850671,54487,GLASCONT_01040,duo glasbol,D1195,MONSEIGNEUR VAN GOETHEMPLEIN,8,2140,ZUID,Deurne zuid Borgerhout,1999/12/31 00:00:00+00,,,Wekelijks,x,,x,,x,,,,,,,,,,
494961.02208118,6658324.58160675,54488,GLASCONT_01042,duo glasbol,D1237,JOE ENGLISHSTRAAT,42,2140,ZUID,Deurne zuid Borgerhout,1999/12/31 00:00:00+00,,,Wekelijks,x,,x,,x,,,,,,,,,,
495769.976878983,6659434.4450326,54489,GLASCONT_01044,duo glasbol,D1236,GRIFFIER SCHOBBENSLAAN,1,2140,ZUID,Deurne zuid Borgerhout,1999/12/31 00:00:00+00,,,Wekelijks,x,,x,,x,,,,,,,,,,
496381.81311954,6659235.42895063,54490,GLASCONT_01045,mono glasbol groen,M1648,CORNELISSENLAAN,,2100,ZUID,Deurne zuid Borgerhout,1999/12/31 00:00:00+00,,,Wekelijks,x,,x,,x,,,,,,,,,,
496376.892407474,6659233.15880831,54491,GLASCONT_01046,mono glasbol wit,M1575,CORNELISSENLAAN,,2100,ZUID,Deurne zuid Borgerhout,1999/12/31 00:00:00+00,,,Wekelijks,x,,x,,x,,,,,,,,,,
498419.041793321,6660078.14588885,54492,GLASCONT_01047,duo glasbol,D1057,AUGUST VAN DE WIELELEI,56,2100,NOORD,Deurne,1999/12/31 00:00:00+00,,,Wekelijks,,x,,x,,,,,,,,,,,
494803.109572652,6663894.65051119,54493,GLASCONT_01050,duo glasbol,D1023,BORREWATERSTRAAT,123,2170,NOORD,Merksem,1999/12/31 00:00:00+00,,,Wekelijks,x,,x,,x,,,,,,,x,,,
494347.787880857,6664115.03211224,54494,GLASCONT_01052,ondergrondse wit,O1117-A700,SINT-BARTHOLOMEUSSTRAAT,15,2170,NOORD,Merksem,2018/02/28 00:00:00+00,,,Wekelijks,x,,x,,x,,,,,,,,,,
494196.521525546,6664690.68429899,54495,GLASCONT_01053,duo glasbol,D1024,VUURKRUISENLAAN,51,2170,NOORD,Merksem,1999/12/31 00:00:00+00,,,Wekelijks,,x,,x,,,,,,,,x,,,
495953.700522644,6665505.87548583,54496,GLASCONT_01054,mono glasbol wit,M1541,VICTOR ROOSENSPLEIN,2,2170,NOORD,Merksem,1999/12/31 00:00:00+00,,,Wekelijks,,x,,x,,,,,,,,x,,,
493616.857596715,6663758.9967166,54497,GLASCONT_01055,duo glasbol,D1043,JAAK COVELIERSSTRAAT,44,2170,NOORD,Merksem,1999/12/31 00:00:00+00,,,Wekelijks,x,,x,,x,,,,,,,x,,,
493502.303462244,6663941.77367473,54498,GLASCONT_01056,duo glasbol,D1047,FERDINANDUSDIJKSTRAAT,43,2170,NOORD,Merksem,1999/12/31 00:00:00+00,,,Wekelijks,x,,x,,x,,,,,,,x,,,
493116.562568031,6664806.41904491,54499,GLASCONT_01057,duo glasbol,D1178,LAMBRECHTSHOEKENLAAN,44,2170,NOORD,Merksem,1999/12/31 00:00:00+00,,,Wekelijks,x,,x,,x,,,,,,,x,,,
493566.9543292,6665215.36201336,54500,GLASCONT,duo glasbol,D3078,BRANDBEEK,50,2170,NOORD,Merksem,1999/12/31 00:00:00+00,,,Wekelijks,x,,x,,x,,,,,,,x,,,
493380.31854791,6665298.54195381,54501,GLASCONT_01059,duo glasbol,D1036,LAMBRECHTSHOEKENLAAN,135,2170,NOORD,Merksem,1999/12/31 00:00:00+00,,,Wekelijks,x,,x,,x,,,,,,,x,,,
493612.032690101,6665925.14964042,54502,GLASCONT_01060,mono glasbol groen,M1539,LAMBRECHTSHOEKENLAAN,238,2170,NOORD,Merksem,1999/12/31 00:00:00+00,,,Wekelijks,x,,x,,x,,,,,,,x,,,
493305.04135641,6666062.46146423,54503,GLASCONT_01062,duo glasbol,D1112,SLUITBERG,,2170,NOORD,Merksem,1999/12/31 00:00:00+00,,,Wekelijks,,x,,x,,,,,,,,x,,,
494037.992096423,6665576.92824715,54504,GLASCONT_01063,mono glasbol groen,M1592,RODELOOPSTRAAT,178,2170,NOORD,Merksem,1999/12/31 00:00:00+00,,,Wekelijks,,x,,x,,,,,,,,x,,,
493029.616273836,6666636.2622916,54505,GLASCONT_01065,duo glasbol,D1093,GEERTSHOEK,24,2170,NOORD,Merksem,1999/12/31 00:00:00+00,,,Wekelijks,x,,x,,x,,,,,,,x,,,
493545.434803044,6666839.10188609,54506,GLASCONT_01066,duo glasbol,D1018,VICTOR GOVAERSLAAN,16,2170,NOORD,Merksem,1999/12/31 00:00:00+00,,,Wekelijks,x,,x,,x,,,,,,,x,,,
491157.952747677,6673899.16086518,54507,GLASCONT_01067,duo glasbol,D1217,,2,2180,NOORD,Ekeren,1999/12/31 00:00:00+00,,,Wekelijks,x,,x,,x,,,,,,,,,,
493094.630330441,6672378.15809475,54508,GLASCONT_01069,duo glasbol,D3180,VOGELKERSSTRAAT,129,2180,NOORD,Ekeren,1999/12/31 00:00:00+00,,,Wekelijks,x,,x,,x,,,,,,,,,,
494034.368743668,6673426.78595394,54509,GLASCONT_01070,duo glasbol,D1091,VAN DE WEYNGAERTPLEIN,28,2180,NOORD,Ekeren,1999/12/31 00:00:00+00,,,Wekelijks,x,,x,,x,,,,,,,,,,
492823.992140241,6670561.88840318,54510,GLASCONT_01074,duo glasbol,D1116,VELTWIJCKLAAN,39,2180,NOORD,Ekeren,1999/12/31 00:00:00+00,,,Wekelijks,,x,,x,,,,,,,,,,,
493480.285666839,6671059.89486175,54511,GLASCONT_01075,duo glasbol,D1189,KARDELAAN,1,2180,NOORD,Ekeren,1999/12/31 00:00:00+00,,,Wekelijks,,x,,x,,,,,,,,,,,
493303.515345201,6671558.63217547,54512,GLASCONT_01076,duo glasbol,D1244,OOSTERGEEST,8,2180,NOORD,Ekeren,1999/12/31 00:00:00+00,,,Wekelijks,,x,,x,,,,,,,,,,,
494756.965933944,6672094.94850916,54513,GLASCONT_01078,duo glasbol,D1273,VELTWIJCKLAAN,,2180,NOORD,Ekeren,1999/12/31 00:00:00+00,,,Wekelijks,,x,,x,,,,,,,,,,,
495019.927040201,6671215.71711734,54514,GLASCONT_01079,duo glasbol,D1209,KRUIDENLAAN,64,2180,NOORD,Ekeren,1999/12/31 00:00:00+00,,,Wekelijks,x,,x,,x,,,,,,,,,,
494348.167375357,6671090.61204721,54515,GLASCONT_01081,duo glasbol,D1132,WEEGBREELAAN,31,2180,NOORD,Ekeren,1999/12/31 00:00:00+00,,,Wekelijks,x,,x,,x,,,,,,,,,,
495123.918455916,6669921.70074992,54516,GLASCONT_01083,duo glasbol,D1130,SINT-LUCASLAAN,2,2180,NOORD,Ekeren,1999/12/31 00:00:00+00,,,Wekelijks,x,,x,,x,,,,,,,,,,
480460.66288888,6681680.63038934,54517,GLASCONT_01086,duo glasbol,D1094,SCHOUWVEGERSTRAAT,1,2040,NOORD,Parking,1999/12/31 00:00:00+00,,,Wekelijks,x,,x,,x,,,,,,x,,,,
480071.444932302,6682718.51915235,54518,GLASCONT_01087,duo glasbol,D1098,PRELATENSTRAAT,21,2040,NOORD,,1999/12/31 00:00:00+00,,,Wekelijks,x,,x,,x,,,,,,x,,,,
481405.091172683,6682379.00337382,54519,GLASCONT_01088,duo glasbol,D1205,CECILIANENSTRAAT,to 42,2040,NOORD,Bezali,1999/12/31 00:00:00+00,,,Wekelijks,x,,x,,x,,,,,,x,,,,
481484.335872956,6682678.56755341,54520,GLASCONT_01089,duo glasbol,D1003,DOMINICANENSTRAAT,,2040,NOORD,hoek kruisbos,1999/12/31 00:00:00+00,,,Wekelijks,x,,x,,x,,,,,,x,,,,
481876.458609664,6683011.20133703,54521,GLASCONT_01090,mono glasbol groen,M1634,,182,2040,NOORD,Bezali,1999/12/31 00:00:00+00,,,Wekelijks,x,,x,,x,,,,,,x,,,,
481877.689912984,6683006.72551219,54522,GLASCONT_01091,mono glasbol wit,M1532,,182,2040,NOORD,Parking Carrefour,1999/12/31 00:00:00+00,,,Wekelijks,x,,x,,x,,,,,,x,,,,
481297.313265042,6683360.67617887,54523,GLASCONT_01092,duo glasbol,D1124,FREDERIK-HENDRIKSTRAAT,24,2040,NOORD,,1999/12/31 00:00:00+00,,,Wekelijks,x,,x,,x,,,,,,x,,,,
482595.555108737,6682866.80633022,54524,GLASCONT_01095,duo glasbol,D1084,,17,2040,NOORD,Bezali,1999/12/31 00:00:00+00,,,Wekelijks,x,,x,,x,,,,,,x,,,,
482508.960643401,6684165.46337023,54525,GLASCONT_01096,duo glasbol,D1061,STEENOVENSTRAAT,66,2040,NOORD,Bezali,1999/12/31 00:00:00+00,,,Wekelijks,x,,x,,x,,,,,,x,,,,
481590.482870413,6684725.28930331,54526,GLASCONT_01097,duo glasbol,D1083,BREMSTRAAT,1,2040,NOORD,Bezali,1999/12/31 00:00:00+00,,,Wekelijks,x,,x,,x,,,,,,x,,,,
480597.956976977,6684646.90334992,54527,GLASCONT_01099,duo glasbol,D1235,,,2040,NOORD,Bezali,1999/12/31 00:00:00+00,,,Wekelijks,x,,x,,x,,,,,,x,,,,
477351.080975502,6675294.08122867,54528,GLASCONT_01103,duo glasbol,D1069,VESTINGSTRAAT_BZL,,2040,NOORD,Tolhuisstraat - ingang parking,1999/12/31 00:00:00+00,,,Wekelijks,,x,,x,,,,,,,x,,,,
489863.573369167,6660072.79243916,54529,GLASCONT_01108,mono glasbol groen,M1553,GROENKERKHOFSTRAAT,2,2000,MIDDEN,Centrum1,2013/01/17 00:00:00+00,,,Wekelijks,x,x,x,x,x,,,,,,,,,,
489866.140815647,6660072.17069049,54530,GLASCONT_01109,mono glasbol wit,M1572,GROENKERKHOFSTRAAT,2,2000,MIDDEN,Centrum1,2013/01/17 00:00:00+00,,,Wekelijks,x,x,x,x,x,,,,,,,,,,
495242.50384951,6659093.2128228,54531,GLASCONT_01043,duo glasbol,D1240,COLLEGELAAN_BO,5,2140,ZUID,Deurne zuid Borgerhout,1999/12/31 00:00:00+00,,,Wekelijks,,x,,x,,,,,,,,,,,
489453.833749429,6660509.68271689,54532,GLASCONT_01915,mono glasbol wit,M1602,ERNEST VAN DIJCKKAAI,,2000,MIDDEN,Centrum1,1999/12/31 00:00:00+00,,,Wekelijks,x,x,x,x,x,,,,,,,,,,
490978.617814904,6659656.84669099,54533,GLASCONT_02308,duo glasbol,D1162,MEISTRAAT,5-7,2000,MIDDEN,Centrum1,2013/01/17 00:00:00+00,,,Wekelijks,x,x,x,x,x,,,,x,,,,,,
491780.315620284,6674250.18141411,54534,GLASCONT_02714,duo glasbol,D1107,KLEIN HEIKEN,98,2180,NOORD,Ekeren,2014/02/11 00:00:00+00,,,Wekelijks,x,,x,,x,,,,,,,,,,
489564.39002819,6659261.07208072,54535,GLASCONT_02715,ondergrondse duo,O1104-A696,LANGE VLIERSTRAAT,111,2000,MIDDEN,Centrum1,2014/02/12 00:00:00+00,,,Wekelijks,x,x,x,x,x,,,,,,,,,,
488315.391845304,6660195.84617028,54536,GLASCONT_02716,ondergrondse wit,O1108-A691,BEATRIJSLAAN,12,2050,MIDDEN,Linkeroever,2015/03/23 00:00:00+00,,,Wekelijks,x,x,x,x,x,,,,,,,,,,
488322.396948104,6660193.36907333,54537,GLASCONT_02717,ondergrondse groen,O1109-A690,BEATRIJSLAAN,12,2050,MIDDEN,Linkeroever,2015/03/23 00:00:00+00,,,Wekelijks,x,x,x,x,x,,,,,,,,,,
496298.125950437,6657979.87421879,54538,GLASCONT_03517,mono glasbol wit,M1543,ARENAPLEIN,,2100,ZUID,Deurne zuid Borgerhout,1999/12/31 00:00:00+00,,,Wekelijks,,x,,x,,,,,,,,,,,
496297.213227701,6657977.2401418,54539,GLASCONT_03518,mono glasbol groen,M1640,ARENAPLEIN,,2100,ZUID,Deurne zuid Borgerhout,1999/12/31 00:00:00+00,,,Wekelijks,,x,,x,,,,,,,,,,,
489813.61371629,6652323.16999821,54540,GLASCONT_03917,mono glasbol groen,M1661,GOUDENREGENLAAN,2,2610,ZUID,Wilrijk,1999/12/31 00:00:00+00,,,Wekelijks,x,,x,,x,,,,,,,x,,,
489239.276215022,6658382.49899059,54541,GLASCONT_04318,duo glasbol,D3034,LEOPOLD DE WAELPLAATS,13,2000,MIDDEN,Centrum1,2016/03/30 00:00:00+00,,,Wekelijks,x,x,x,x,x,,,,,,,,,,
489241.054970989,6658380.9299336,54542,GLASCONT_04319,duo glasbol,D3003,LEOPOLD DE WAELPLAATS,13,2000,MIDDEN,Centrum1,2016/03/30 00:00:00+00,,,Wekelijks,x,x,x,x,x,,,,,,,,,,
495840.250141423,6660806.09208644,54543,GLASCONT_04320,duo glasbol,D1230,LAKBORSLEI,125,2100,NOORD,Deurne,2016/03/30 00:00:00+00,,,Wekelijks,,x,,x,,,,,,,,,,,
493252.173390635,6657999.92509707,54544,GLASCONT_04321,mono glasbol wit,M1508,KORTE ALTAARSTRAAT,6,2018,MIDDEN,Centrum2,2016/03/30 00:00:00+00,,,Wekelijks,x,x,x,x,x,,,,,,,,,,
493256.939776135,6657997.32018985,54545,GLASCONT_04322,mono glasbol groen,M1625,KORTE ALTAARSTRAAT,6,2018,MIDDEN,Centrum2,2016/03/30 00:00:00+00,,,Wekelijks,x,x,x,x,x,,,,,,,,,,
491167.249157275,6669217.02963247,54546,GLASCONT_04325,duo glasbol,D1192,PATER STRACKESTRAAT,2,2180,NOORD,Ekeren,2016/03/30 00:00:00+00,,,Wekelijks,x,,x,,x,,,,,,,,,,
498159.259218347,6660180.55710362,54547,GLASCONT_04732,ondergrondse duo,O1136-A657,SCHOTENSESTEENWEG,8,2100,NOORD,Deurne,1999/12/31 00:00:00+00,,,Wekelijks,,x,,x,,,,,,,,,,,
482465.40807686,6653109.41040408,54548,GLASCONT_04736,duo glasbol,D1010,BOOMBEKELAAN,,2660,ZUID,Hoboken,2016/07/06 00:00:00+00,,,Wekelijks,,x,,x,,,,,,,,x,,,
488848.233469577,6651628.45268649,54549,GLASCONT_04738,ondergrondse wit,O1101-A654,KONINGIN ELISABETHSTRAAT,15,2610,ZUID,Wilrijk,2016/07/06 00:00:00+00,,,Wekelijks,x,,x,,x,,,,,,,x,,,
488850.642171713,6651624.58163202,54550,GLASCONT_04739,ondergrondse groen,O1107-A638,KONINGIN ELISABETHSTRAAT,15,2610,ZUID,Wilrijk,2016/07/06 00:00:00+00,,,Wekelijks,x,,x,,x,,,,,,,x,,,
488914.308886719,6651400.17440038,54551,GLASCONT_04330,ondergrondse duo,O1131-A672,BIST_WI,19,2610,ZUID,Wilrijk,2016/08/16 00:00:00+00,,,Wekelijks,x,,x,,x,,,,,,,x,,,
493330.267506306,6653037.50325417,54552,GLASCONT_04333,ondergrondse duo,O1124-A709,RINGLAAN_BE,18,2600,ZUID,Berchem,2016/08/16 00:00:00+00,,,Wekelijks,,x,,x,,,,,,,,,,,
490568.437956776,6650450.11287335,54553,GLASCONT_04740,duo glasbol,D1122,,100,2610,ZUID,Wilrijk,2016/12/10 00:00:00+00,,,Wekelijks,x,,x,,x,,,,,,,x,,,
484186.068356095,6651534.33607832,54554,GLASCONT_04741,mono glasbol wit,M1526,MORETUSSTRAAT,,2660,ZUID,Hoboken,2017/02/28 00:00:00+00,,,Wekelijks,x,,x,,x,,,,,,,x,,,
484186.520142298,6651520.58669005,54555,GLASCONT_04742,mono glasbol groen,M1607,MORETUSSTRAAT,,2660,ZUID,Hoboken,2017/02/28 00:00:00+00,,,Wekelijks,x,,x,,x,,,,,,,x,,,
491675.817521616,6668730.87539331,54556,GLASCONT_04743,duo glasbol,D1082,EUGEEN VAN MIEGHEMSTRAAT,,2180,NOORD,Ekeren,2017/07/04 00:00:00+00,,,Wekelijks,,x,,x,,,,,,,,,,,
489949.347144674,6657883.51877236,54557,GLASCONT_04745,ondergrondse duo,O1100-A738,MIRAEUSSTRAAT,,2018,MIDDEN,Centrum2,2017/10/02 00:00:00+00,,,Wekelijks,x,x,x,x,x,,,,,,,,,,
488754.247774576,6656765.74897949,54558,GLASCONT_04746,duo glasbol,D1168,BREDERODESTRAAT,,2018,MIDDEN,Centrum2,2018/02/21 23:00:00+00,,,Wekelijks,x,x,x,x,x,,,,,,,,,,
493261.452209706,6657994.85045053,54559,GLASCONT_04753,duo glasbol,D1275,KORTE ALTAARSTRAAT,6,2018,MIDDEN,Centrum2,1999/12/31 00:00:00+00,,,Wekelijks,x,x,x,x,x,,,,,,,,,,
489109.19159374,6648407.30981623,54560,GLASCONT_04757,duo glasbol,D1127,KLEINE DOORNSTRAAT,278,2610,ZUID,Wilrijk,2019/03/29 09:44:47+00,,,Wekelijks,,x,,x,,,,,,,,,,,
494192.431304737,6655773.76196405,54561,GLASCONT_04758,duo glasbol,D1211,ARBEIDERSSTRAAT,128,2600,ZUID,Berchem,2019/04/05 08:21:52+00,,,Wekelijks,,x,,x,,,,,,,,,,,
489808.752178667,6652321.14757272,54562,GLASCONT_04760,mono glasbol wit,M1566,GOUDENREGENLAAN,2,2610,ZUID,,2019/10/10 09:45:26+00,,,Wekelijks,x,,x,,x,,,,,,,,,,
489864.310646046,6661374.74582251,54563,GLASCONT_04761,duo glasbol,D1241,SINT-PIETERSVLIET,,2000,MIDDEN,,2019/10/22 00:00:00+00,,,Wekelijks,x,x,x,x,x,,,,,,,,,,
495156.215133223,6664962.47418037,54564,GLASCONT_04762,ondergrondse duo,O1110-A688,WEGGESTRAAT,10,2170,NOORD,,2019/10/25 00:00:00+00,,,Wekelijks,x,,x,,x,,,,,,,,,,
489164.976320545,6651489.80898553,54565,GLASCONT_04748,ondergrondse duo,O1125-A638,BIST_WI,,2610,ZUID,Wilrijk,2018/02/28 00:00:00+00,,,Wekelijks,,x,,x,,,,,,,,,,,
481253.046687805,6686387.37054121,54566,GLASCONT_04751,duo glasbol,D1184,ANTWERPSEBAAN,,2040,NOORD,Bezali,2018/05/17 22:00:00+00,,,Wekelijks,x,,x,,x,,,,,,x,,,,
491118.068176466,6672768.51060354,54567,GLASCONT_04756,ondergrondse duo,O1102-A755,EDISONLAAN,5,2180,NOORD,Ekeren,1999/12/31 00:00:00+00,,,Wekelijks,x,,x,,x,,,,,,,x,,,
489458.120308154,6660513.67529209,54568,GLASCONT_04764,duo glasbol,D1247,ERNEST VAN DIJCKKAAI,Centrum1,2000,MIDDEN,,2020/01/23 10:31:03+00,,,,,,,,,,,,,,,,,,
489455.744256211,6660511.51790032,54569,GLASCONT_04765,mono glasbol groen,M1525,ERNEST VAN DIJCKKAAI,Centrum1,2000,MIDDEN,,2020/01/23 10:32:19+00,,,,,,,,,,,,,,,,,,
493620.643733793,6665921.94185334,54570,GLASCONT_04766,mono glasbol groen,M1598,LAMBRECHTSHOEKENLAAN,,2170,NOORD,,2020/02/03 11:52:22+00,,,Wekelijks,x,,,,,,,,,,,,,,
492217.08984806,6665654.57870412,54571,GLASCONT_04767,duo glasbol,D1203,CANADALAAN,,2030,NOORD,,2020/03/20 11:32:26+00,,,,,,,,,,,,,,,,,,
485842.237526173,6654016.30658586,54572,GLASCONT_04768,duo glasbol,D1038,HAGELANDSTRAAT,37,2660,ZUID,,2020/04/08 22:00:00+00,,,,,,,,,,,,,,,,,,
480596.93118493,6684642.50091328,54573,GLASCONT_04771,duo glasbol,D1210,,,2040,NOORD,,2020/07/17 09:02:56+00,,,,,,,,,,,,,,,,,,
480474.684351338,6683484.18823775,54574,GLASCONT_04773,duo glasbol,D1110,ZANDWEG,,2040,NOORD,,2020/07/17 09:16:54+00,,,,,,,,,,,,,,,,,,
491075.440079902,6671349.58265353,54575,GLASCONT_04774,duo glasbol,D1088,SCHOONBROEK,47,2180,NOORD,,2020/07/22 13:02:26+00,,,,,,,,,,,,,,,,,,
488664.95766462,6648454.1371914,54576,GLASCONT_04776,duo glasbol,D1269,EDENPLEIN,,2610,ZUID,,2020/08/04 12:15:01+00,,,,,,,,,,,,,,,,,,
488840.811427039,6653122.39581075,54577,GLASCONT_00630,duo glasbol,D1172,ROZENKRANSPLEIN,321,2610,ZUID,Wilrijk,1999/12/31 00:00:00+00,,,Wekelijks,x,,x,,x,,,,,,,x,,,
488839.097946618,6653122.65253159,54578,GLASCONT_04777,duo glasbol,D1270,ROZENKRANSPLEIN,321,2610,ZUID,,2020/08/06 00:00:00+00,,,Wekelijks,x,x,x,x,x,x,x,,,,,,,,
494032.163366917,6673426.01857308,54579,GLASCONT_04785,duo glasbol,D1258,VAN DE WEYNGAERTPLEIN,28,2180,NOORD,Van de weyngaertplein,2020/09/01 10:11:45+00,,,Wekelijks,x,x,x,x,x,x,x,,,,,,,,
490544.086386108,6658951.26298163,54580,GLASCONT_04786,duo glasbol, D1113,SCHERMERSSTRAAT,,2000,MIDDEN,,2020/09/14 11:15:09+00,,,Wekelijks,x,x,x,x,x,x,x,,,,,,,,
490316.952999145,6657546.44528342,54581,GLASCONT_04787,mono glasbol groen,M2024,LANGE LOZANASTRAAT,,2018,MIDDEN,,2020/09/18 15:16:31+00,,,Wekelijks,x,x,x,x,x,x,x,,,,,,,,
490312.645040005,6657545.9001154,54582,GLASCONT_04788,mono glasbol wit,M2521,LANGE LOZANASTRAAT,,2018,MIDDEN,,2020/09/18 15:16:54+00,,,,,,,,,,,,,,,,,,
495677.142880302,6666990.65800811,54583,GLASCONT_04790,duo glasbol,D1022,CATERSHOFLAAN,,2170,NOORD,,1899/12/30 00:00:00+00,,,Wekelijks,x,x,x,x,x,x,x,,,,,,,,
494368.79760132,6669560.3117233,54584,GLASCONT_04793,mono glasbol wit,M1515,DE OUDE LANDEN,TO132,2180,NOORD,,2021/06/15 08:58:51+00,,,,,,,,,,,,,,,,,,
494368.453573923,6669557.90526738,54585,GLASCONT_04794,mono glasbol groen,M1597,DE OUDE LANDEN,TO132,2180,NOORD,,2021/06/15 09:00:18+00,,,,,,,,,,,,,,,,,,
494368.057134306,6669555.89213281,54586,GLASCONT_04795,duo glasbol, D1128,DE OUDE LANDEN,TO 132,2180,NOORD,,1899/12/30 00:00:00+00,,,Wekelijks,x,x,x,x,x,x,x,,,,,,,,
495986.289081361,6669440.32458375,54587,GLASCONT_04796,duo glasbol, D1017,NOTELAARLAAN,5,2180,NOORD,,1899/12/30 00:00:00+00,,,Wekelijks,x,x,x,x,x,x,x,,,,,,,,
498477.156317593,6661801.85505745,54588,GLASCONT_04797,ondergrondse duo,O1138-A653,WIM SAERENSPLEIN,TO 8,2100,NOORD,,1899/12/30 00:00:00+00,,,Wekelijks,x,x,x,x,x,x,x,,,,,,,,
498231.02921658,6660995.75055761,54589,GLASCONT_04798,ondergrondse duo,O1134-A168,ERTBRUGGELAAN,,2100,NOORD,,1899/12/30 00:00:00+00,,,Wekelijks,x,x,x,x,x,x,x,,,,,,,,
498603.393801724,6661316.67879381,54590,GLASCONT_04799,duo glasbol,D1129,RUGGEVELDLAAN_DEn,,2100,NOORD,,2021/07/02 12:34:27+00,,,Wekelijks,x,x,x,x,x,x,x,,,,,,,,
493963.415234997,6664408.47990219,54591,GLASCONT_04800,duo glasbol,D1014,STELLA MARISSTRAAT,,2170,NOORD,,1899/12/30 00:00:00+00,,,Wekelijks,x,x,x,x,x,x,x,,,,,,,,
490996.954405654,6669980.16096257,54592,GLASCONT_04801,duo glasbol, D1138,EDUARD VAN BENEDENSTRAAT,2,2180,NOORD,,2021/08/02 10:47:38+00,,,Wekelijks,x,x,x,x,x,x,x,,,,,,,,
493285.417636308,6661494.64863117,54593,GLASCONT_04802,duo glasbol,D1193,STUIVENBERGPLEIN,42,2060,MIDDEN,,1899/12/30 00:00:00+00,,,Wekelijks,x,x,x,x,x,x,x,,,,,,,,
492964.224615425,6661745.52348277,54594,GLASCONT_04804,ondergrondse duo,O447-A714,KLAMPERSTRAAT,47,2060,MIDDEN,,2021/12/17 08:26:28+00,,,Wekelijks,x,x,x,x,x,x,x,,,,,,,,
490797.314055373,6655960.67233189,54595,GLASCONT_04806,mono glasbol wit,D1549,MARKGRAVELEI,,2018,MIDDEN,,2022/03/04 08:31:56+00,,,Wekelijks,x,x,x,x,x,x,x,,,,,,,,
487363.442143663,6661417.42465115,54596,GLASCONT_04807,duo glasbol,D3264,HALEWIJNLAAN,,2050,MIDDEN,,1899/12/30 00:00:00+00,,,Wekelijks,x,x,x,x,x,x,x,,,,,,,,
491485.209410579,6657940.0088933,54597,GLASCONT_04810,duo glasbol,D1041,VERDRAAGZAAMHEIDSPLEIN,,2018,MIDDEN,,1899/12/30 00:00:00+00,,,Wekelijks,x,x,x,x,x,x,x,,,,,,,,
486334.97594231,6654172.04021968,54598,GLASCONT_04813,duo glasbol, A471,WEERSTANDLAAN_HO,21,2660,ZUID,Garage essal,2022/06/29 07:39:21+00,,,Wekelijks,x,x,x,x,x,x,x,,,,,,,,
494232.63775319,6658546.15107258,54599,GLASCONT_04814,duo glasbol, D1266,LUITENANT NAEYAERTPLEIN,5,2140,MIDDEN,,2022/07/25 08:16:32+00,,,Wekelijks,x,x,x,x,x,x,x,,,,,,,,
479554.262725756,6685180.23414465,54600,GLASCONT_04815,duo glasbol, D1213,DE KEYSERHOEVE,TO 15,2040,NOORD,,2022/08/04 11:37:05+00,,,Wekelijks,x,x,x,x,x,x,x,,,,,,,,
493724.157701402,6659417.82269846,54601,GLASCONT_04817,mono glasbol groen,M1645,DRINK,0,2140,MIDDEN,,2022/08/31 08:52:32+00,,,Wekelijks,x,x,x,x,x,x,x,,,,,,,,
493723.961166657,6659416.65217168,54602,GLASCONT_04818,mono glasbol wit, M1544,DRINK,0,2140,MIDDEN,,2022/08/31 08:53:33+00,,,Wekelijks,x,x,x,x,x,x,x,,,,,,,,
496295.431789513,6657972.13835247,54603,GLASCONT_04819,mono glasbol groen,M1649,ARENAPLEIN,,2100,ZUID,,1899/12/30 00:00:00+00,,,Wekelijks,x,x,x,x,x,x,x,,,,,,,,
483667.293691892,6652874.05066674,54604,GLASCONT_04820,duo glasbol,D1218,SCHAAPSKOOI,,2660,ZUID,,2022/09/29 07:16:40+00,,,Wekelijks,x,x,x,x,x,x,x,,,,,,,,
497904.521468583,6662888.79685997,54605,GLASCONT_04822,duo glasbol,D1016,OUDE BOSUILBAAN,tov 128,2100,NOORD,,2022/10/05 22:00:00+00,,,Wekelijks,x,x,x,x,x,x,x,,,,,,,,
493782.640074235,6657180.85417204,54606,GLASCONT_04823,mono glasbol wit,M 2007,UITBREIDINGSTRAAT,542,2600,MIDDEN,,2022/10/24 22:00:00+00,,,Wekelijks,x,x,x,x,x,x,x,,,,,,,,
493788.391504349,6657187.47474423,54607,GLASCONT_04824,mono glasbol groen,M 1681,UITBREIDINGSTRAAT,542,2600,MIDDEN,,1899/12/30 00:00:00+00,,,Wekelijks,x,x,x,x,x,x,x,,,,,,,,
489243.938112522,6658379.35041341,54608,GLASCONT_04827,mono glasbol groen,M2004,LEOPOLD DE WAELPLAATS,,2000,MIDDEN,,2022/11/14 09:24:42+00,,,Wekelijks,x,x,x,x,x,x,x,,,,,,,,
495709.856258749,6656401.487514,54609,GLASCONT_04829,mono glasbol groen,M1668,VOSSTRAAT_BO,,2140,ZUID,,1899/12/30 00:00:00+00,,,Wekelijks,x,x,x,x,x,x,x,,,,,,,,
495716.601685798,6656404.64842586,54610,GLASCONT_04830,mono glasbol wit,M1584,VOSSTRAAT_BO,,2140,ZUID,,1899/12/30 00:00:00+00,,,Wekelijks,x,x,x,x,x,x,x,,,,,,,,
491411.394974968,6661636.75866059,54611,GLASCONT_04831,duo glasbol,D1252,ITALIELEI,117 a,2000,MIDDEN,,1899/12/30 00:00:00+00,,,Wekelijks,x,x,x,x,x,x,x,,,,,,,,
491711.627972163,6662001.6162802,54612,GLASCONT_04832,duo glasbol,D1285,DE PRETSTRAAT,28-30,2060,MIDDEN,,1899/12/30 00:00:00+00,,,Wekelijks,x,x,x,x,x,x,x,,,,,,,,
492891.774563785,6656205.29840599,54613,GLASCONT_04833,duo glasbol,D1246,VREDESTRAAT,,2600,MIDDEN,,1899/12/30 00:00:00+00,,,Wekelijks,x,x,x,x,x,x,x,,,,,,,,
489038.275649174,6658281.42950605,54614,GLASCONT_04834,duo glasbol,M1585,LEOPOLD DE WAELPLAATS,,2000,MIDDEN,,2023/05/23 11:19:08+00,,,Wekelijks,x,x,x,x,x,x,x,,,,,,,,
489039.430627432,6658282.21618669,54615,GLASCONT_04835,duo glasbol,M1511,LEOPOLD DE WAELPLAATS,,2000,MIDDEN,,2023/05/23 11:18:27+00,,,Wekelijks,x,x,x,x,x,x,x,,,,,,,,
484641.558698578,6650419.59226091,54616,GLASCONT_04837,duo glasbol,D1194,SCHANSSTRAAT,,2660,ZUID,,2023/05/05 08:38:26+00,,,Wekelijks,x,x,x,x,x,x,x,,,,,,,,
491913.783204586,6662050.53975804,54617,GLASCONT_04838,duo glasbol,D1131,ELLERMANSTRAAT,,2060,MIDDEN,,1899/12/30 00:00:00+00,,,Wekelijks,x,x,x,x,x,x,x,,,,,,,,
491920.529771446,6662050.53512021,54618,GLASCONT_04839,duo glasbol,D1272,ELLERMANSTRAAT,,2060,MIDDEN,,1899/12/30 00:00:00+00,,,Wekelijks,x,x,x,x,x,x,x,,,,,,,,
489783.114430265,6658846.01436857,54619,GLASCONT_04840,mono glasbol groen,M1686,KRONENBURGSTRAAT,47,2000,MIDDEN,,2023/05/23 09:07:34+00,,,Wekelijks,x,x,x,x,x,x,x,,,,,,,,
489775.463209264,6658847.45165506,54620,GLASCONT_04841,mono glasbol wit,M2013,KRONENBURGSTRAAT,47,2000,MIDDEN,,2023/05/23 09:09:09+00,,,Wekelijks,x,x,x,x,x,x,x,,,,,,,,
490691.698658918,6658364.71965423,54621,GLASCONT_04847,duo glasbol,D1180,MECHELSESTEENWEG,,2018,MIDDEN,,1899/12/30 00:00:00+00,,,Wekelijks,x,x,x,x,x,x,x,,,,,,,,
494041.308557337,6665568.88605383,54622,GLASCONT_04848,mono glasbol wit,M1557,,178,2170,NOORD,,1899/12/30 00:00:00+00,,,Wekelijks,x,x,x,x,x,x,x,,,,,,,,
494488.047965697,6665802.92482806,54623,GLASCONT_04849,duo glasbol,D1005,RODELOOPSTRAAT,to 5,2170,NOORD,,1899/12/30 00:00:00+00,,,Wekelijks,x,x,x,x,x,x,x,,,,,,,,
495201.03999032,6665781.0081216,54624,GLASCONT_04850,ondergrondse duo,O1105-A664,KROONPLEIN,,2170,NOORD,,1899/12/30 00:00:00+00,,,Wekelijks,x,x,x,x,x,x,x,,,,,,,,
494036.214602152,6666570.9296562,54625,GLASCONT_04851,mono glasbol wit,M1677,LAARSEBAAN,161,2170,NOORD,,1899/12/30 00:00:00+00,,,Wekelijks,x,x,x,x,x,x,x,,,,,,,,
494036.725512657,6666575.87820949,54626,GLASCONT_04852,mono glasbol groen,M1524,LAARSEBAAN,161,2170,NOORD,,1899/12/30 00:00:00+00,,,Wekelijks,x,x,x,x,x,x,x,,,,,,,,
496133.707087374,6666392.83543304,54627,GLASCONT_04853,duo glasbol,D1007,RINGLAAN_ME,,2170,NOORD,,1899/12/30 00:00:00+00,,,Wekelijks,x,x,x,x,x,x,x,,,,,,,,
495496.707317479,6668617.99898449,54628,GLASCONT_04854,duo glasbol,D1042,LAAGLANDLAAN,669,2170,NOORD,,1899/12/30 00:00:00+00,,,Wekelijks,x,x,x,x,x,x,x,,,,,,,,
491390.703428393,6659536.62680342,54629,GLASCONT_04857,ondergrondse duo,D1222,FRANKRIJKLEI,1,2000,MIDDEN,,2024/04/22 22:00:00+00,,,Wekelijks,x,x,x,x,x,x,x,,,,,,,,
494355.476847525,6664118.19534608,54630,GLASCONT_04863,ondergrondse groen,O701-01116,SINT-BARTHOLOMEUSSTRAAT,,2170,NOORD,,1899/12/30 00:00:00+00,,,Wekelijks,x,x,x,x,x,x,x,,,,,,,,
490978.038371877,6659660.47904459,54631,GLASCONT_04865,duo glasbol,D1143 ,MEISTRAAT,5-7,2000,MIDDEN,,1899/12/30 00:00:00+00,,,Wekelijks,x,x,x,x,x,x,x,,,,,,,,
485730.276681666,6651262.18074525,54632,GLASCONT_04869,duo glasbol,D1284,KRIJGSBAAN_HO,,2660,ZUID,,1899/12/30 00:00:00+00,,,Wekelijks,x,x,x,x,x,x,x,,,,,,,,
492260.902787637,6652792.46639762,54633,GLASCONT_04870,mono glasbol groen,M1671,GROENENBORGERLAAN_WI,,2610,ZUID,,1899/12/30 00:00:00+00,,,Wekelijks,x,x,x,x,x,x,x,,,,,,,,
492261.95075691,6652785.49774591,54634,GLASCONT_04871,mono glasbol wit,M1562,GROENENBORGERLAAN_WI,,2610,ZUID,,1899/12/05 00:09:21+00,,,Wekelijks,x,x,x,x,x,x,x,,,,,,,,
495184.636867367,6662575.47771096,54635,GLASCONT_04872,duo glasbol,D1115,ALBERT BEVERNAGELEI,,2100,NOORD,,1899/12/30 00:00:00+00,,,Wekelijks,x,x,x,x,x,x,x,,,,,,,,
485728.922600786,6651269.22019968,54636,GLASCONT_04873,duo glasbol,D1137,KRIJGSBAAN_HO,KRIJGSBAAN-SINT,2660,ZUID,,1899/12/30 00:00:00+00,,,Wekelijks,x,x,x,x,x,x,x,,,,,,,,
482457.622142444,6653100.58921659,54637,GLASCONT_04874,duo glasbol,D1073,BOOMBEKELAAN,,2660,ZUID,,1899/12/30 00:00:00+00,,,Wekelijks,x,x,x,x,x,x,x,,,,,,,,
496364.822148926,6662148.90811306,54638,GLASCONT_04876,duo glasbol,D1141,VAARTDIJK_DE,,2100,NOORD,,1899/12/30 00:00:00+00,,,Wekelijks,x,x,x,x,x,x,x,,,,,,,,
490830.922669749,6652285.94488326,54639,GLASCONT_04877,duo glasbol,D1265,GROENENBORGERLAAN_WI,,2610,ZUID,,1899/12/30 00:00:00+00,,,Wekelijks,x,x,x,x,x,x,x,,,,,,,,
495267.512932776,6657824.97459576,54640,GLASCONT_04878,mono glasbol groen,M1652,DE SCHANS,,2140,ZUID,,1899/12/30 00:00:00+00,,,Wekelijks,x,x,x,x,x,x,x,,,,,,,,
486050.723416089,6653906.08211419,54641,GLASCONT_04879,mono glasbol groen,M1662,STEYNSTRAAT,,2660,ZUID,,2024/02/20 23:00:00+00,,,Wekelijks,x,x,x,x,x,x,x,,,,,,,,
495402.026358639,6656792.92533694,54642,GLASCONT_04880,mono glasbol wit,M1563,KAREL DE PRETERLEI,,2140,ZUID,,1899/12/30 00:00:00+00,,,Wekelijks,x,x,x,x,x,x,x,,,,,,,,
492176.119952662,6655422.33102249,54643,GLASCONT_04881,duo glasbol,D1147,UITBREIDINGSTRAAT,,2600,MIDDEN,,1899/12/30 00:00:00+00,,,Wekelijks,x,x,x,x,x,x,x,,,,,,,,
490385.052637743,6662576.88773991,54644,GLASCONT_04882,duo glasbol,D3047,KATTENDIJKDOK-WESTKAAI,51-54,2000,MIDDEN,,1899/03/05 00:00:00+00,,,Wekelijks,x,x,x,x,x,x,x,,,,,,,,
494991.27381281,6661176.07527724,54645,GLASCONT_04883,mono glasbol wit,M2005,,,2140,NOORD,Op containerpark,1899/12/30 00:00:00+00,,,Wekelijks,x,x,x,x,x,x,x,,,,,,,,
494961.733514686,6661149.89764323,54646,GLASCONT_04884,mono glasbol groen,M1676,,,2140,NOORD,Op containerpark,1899/12/30 00:00:00+00,,,Wekelijks,x,x,x,x,x,x,x,,,,,,,,
491869.334387374,6661146.98434769,54647,GLASCONT_04885,ondergrondse duo,A681-0164,SINT-JANSPLEIN,,2060,MIDDEN,,1899/12/30 00:00:00+00,,,Wekelijks,x,x,x,x,x,x,x,,,,,,,,
491861.744874179,6661146.14417914,54648,GLASCONT_04886,ondergrondse duo,A680 -0163,SINT-JANSPLEIN,,2060,MIDDEN,,1899/12/30 00:00:00+00,,,Wekelijks,x,x,x,x,x,x,x,,,,,,,,
491715.792922398,6661351.58256885,54649,GLASCONT_04887,ondergrondse duo,A735,SINT-JANSPLEIN,,2060,MIDDEN,,1899/12/30 00:00:00+00,,,Wekelijks,x,x,x,x,x,x,x,,,,,,,,
491694.386986349,6661338.17501046,54650,GLASCONT_04888,ondergrondse duo,A736,SINT-JANSPLEIN,,2060,MIDDEN,,1899/12/30 00:00:00+00,,,Wekelijks,x,x,x,x,x,x,x,,,,,,,,
485064.168618488,6651752.50749544,54651,GLASCONT_04889,duo glasbol,nog contro,NACHTEGAALLAAN,,2660,ZUID,,1899/12/30 00:00:00+00,,,Wekelijks,x,x,x,x,x,x,x,,,,,,,,
489842.875802909,6660573.35903715,54652,GLASCONT_04890,ondergrondse duo,O1140-A728,WISSELSTRAAT,,2000,MIDDEN,,1899/12/30 00:00:00+00,,,Wekelijks,x,x,x,x,x,x,x,,,,,,,,
489845.786783517,6660578.26106479,54653,GLASCONT_04891,ondergrondse duo,O1141-A729,WISSELSTRAAT,,2000,MIDDEN,,1899/12/30 00:00:00+00,,,Wekelijks,x,x,x,x,x,x,x,,,,,,,,
489848.360702139,6660583.37444187,54654,GLASCONT_04892,ondergrondse duo,O1142-A730,WISSELSTRAAT,,2000,MIDDEN,,1899/12/30 00:00:00+00,,,Wekelijks,x,x,x,x,x,x,x,,,,,,,,
489851.145175845,6660588.27652873,54655,GLASCONT_04893,ondergrondse duo,O1143-A731,WISSELSTRAAT,,2000,MIDDEN,,1899/12/30 00:00:00+00,,,Wekelijks,x,x,x,x,x,x,x,,,,,,,,
485386.453870923,6651480.41359179,54656,GLASCONT_04894,duo glasbol, 1159,OUDSTRIJDERSLAAN,,2660,ZUID,,2024/03/15 09:00:36+00,,,Wekelijks,x,x,x,x,x,x,x,,,,,,,,
498825.288112901,6656823.86387859,54657,GLASCONT_04895,duo glasbol,G605,ADRINKHOVENLAAN,TO 115,2150,ZUID,,1899/12/30 00:00:00+00,,,Wekelijks,x,x,x,x,x,x,x,,,,,,,,
498825.401880384,6656829.35627973,54658,GLASCONT_04896,duo glasbol,G121,ADRINKHOVENLAAN,TO 115,2150,ZUID,,1899/12/30 00:00:00+00,,,Wekelijks,x,x,x,x,x,x,x,,,,,,,,
498064.7109053,6656291.22847328,54659,GLASCONT_04897,duo glasbol,G106,FLORIS PRIMSLEI,97,2150,ZUID,,1899/12/30 00:00:00+00,,,Wekelijks,x,x,x,x,x,x,x,,,,,,,,
499379.528446849,6656151.84931171,54660,GLASCONT_04898,duo glasbol,G604,CORNEEL SMITSLEI,36,2150,ZUID,,1899/12/30 00:00:00+00,,,Wekelijks,x,x,x,x,x,x,x,,,,,,,,
498324.476554595,6655782.4486711,54661,GLASCONT_04899,duo glasbol,G099,,,2150,ZUID,,1899/12/30 00:00:00+00,,,Wekelijks,x,x,x,x,x,x,x,,,,,,,,
498337.643375062,6655782.42937566,54662,GLASCONT_04900,duo glasbol,G122,,,2150,ZUID,,1899/12/30 00:00:00+00,,,Wekelijks,x,x,x,x,x,x,x,,,,,,,,
498347.651528364,6655783.47088844,54663,GLASCONT_04901,duo glasbol,G156,,,2150,ZUID,,1899/12/30 00:00:00+00,,,Wekelijks,x,x,x,x,x,x,x,,,,,,,,
498356.590335884,6655783.95480776,54664,GLASCONT_04902,duo glasbol,G129,,,2150,ZUID,,1899/12/30 00:00:00+00,,,Wekelijks,x,x,x,x,x,x,x,,,,,,,,
498824.61341099,6655799.51864217,54665,GLASCONT_04903,duo glasbol,G136,DE ROBIANOSTRAAT,109,2150,ZUID,,1899/12/30 00:00:00+00,,,Wekelijks,x,x,x,x,x,x,x,,,,,,,,
499941.272878113,6656235.2093909,54666,GLASCONT_04904,duo glasbol,G115,EUGEEN VERELSTLEI,,2150,ZUID,,1899/12/30 00:00:00+00,,,Wekelijks,x,x,x,x,x,x,x,,,,,,,,
499941.794293788,6656232.0399321,54667,GLASCONT_04905,duo glasbol,G096,EUGEEN VERELSTLEI,,2150,ZUID,,1899/12/30 00:00:00+00,,,Wekelijks,x,x,x,x,x,x,x,,,,,,,,
498121.712863628,6656494.4046731,54668,GLASCONT_04906,duo glasbol,G188,FLORIS PRIMSLEI,TO 51,2150,ZUID,,1899/12/30 00:00:00+00,,,Wekelijks,x,x,x,x,x,x,x,,,,,,,,
499566.652799892,6655312.03143466,54669,GLASCONT_04907,duo glasbol,G113,LUCIEN HENDRICKXLEI,,2150,ZUID,,1899/12/30 00:00:00+00,,,Wekelijks,x,x,x,x,x,x,x,,,,,,,,
499019.293623197,6656517.64952772,54670,GLASCONT_04908,duo glasbol,G112,SPRINKHAANVELDESTRAAT,TO 28,2150,ZUID,,1899/12/30 00:00:00+00,,,Wekelijks,x,x,x,x,x,x,x,,,,,,,,
498815.912086843,6656405.64735598,54671,GLASCONT_04909,duo glasbol,G194,WENIGERSTRAAT,,2150,ZUID,,1899/12/30 00:00:00+00,,,Wekelijks,x,x,x,x,x,x,x,,,,,,,,
493832.643863753,6658368.46131359,54672,GLASCONT_04910,duo glasbol,D1267,VANDENPEEREBOOMSTRAAT,,2140,MIDDEN,,2024/04/22 22:00:00+00,,,Wekelijks,x,x,x,x,x,x,x,,,,,,,,
492492.013792586,6659339.57511653,54673,GLASCONT_04911,duo glasbol,D3028,PLOEGSTRAAT,27,2018,MIDDEN,,1899/12/30 00:00:00+00,,,Wekelijks,x,x,x,x,x,x,x,,,,,,,,
492498.284023139,6659341.66528434,54674,GLASCONT_04912,duo glasbol,D3063,PLOEGSTRAAT,27,2018,MIDDEN,,1899/12/30 00:00:00+00,,,Wekelijks,x,x,x,x,x,x,x,,,,,,,,
486995.404614252,6660930.57181373,54675,GLASCONT_04913,mono glasbol wit,M2006,BLANCEFLOERLAAN,,2050,MIDDEN,achter slagboom ( nooddorp ),1899/12/30 00:00:00+00,,,Wekelijks,x,x,x,x,x,x,x,,,,,,,,
486985.252826158,6660930.57176677,54676,GLASCONT_04914,mono glasbol groen,M1672,BLANCEFLOERLAAN,,2050,MIDDEN,Achter de slagboom ( nooddorp ),1899/12/30 00:00:00+00,,,Wekelijks,x,x,x,x,x,x,x,,,,,,,,
493816.512173688,6672923.41308432,54677,GLASCONT_04915,duo glasbol,D1091,LODEWIJK ANDERSONSTRAAT,thv 11,2180,NOORD,,1899/12/30 00:00:00+00,,,Wekelijks,x,x,x,x,x,x,x,,,,,,,,
493809.794228994,6672927.59352134,54678,GLASCONT_04916,duo glasbol,D1258,LODEWIJK ANDERSONSTRAAT,thv 11,2180,NOORD,,1899/12/30 00:00:00+00,,,Wekelijks,x,x,x,x,x,x,x,,,,,,,,
494411.778635972,6664711.66682609,54679,GLASCONT_04917,duo glasbol,D1024,NIEUWDREEF,50,2170,NOORD,,1899/12/30 00:00:00+00,,,Wekelijks,x,x,x,x,x,x,x,,,,,,,,
483573.783093499,6652114.99562169,54680,GLASCONT_04918,duo glasbol,D3126,JOZEF LEEMANSLAAN,,2660,ZUID,,1899/12/30 00:00:00+00,,,Wekelijks,x,x,x,x,x,x,x,,,,,,,,
490870.108478026,6661201.34644804,54681,GLASCONT_04919,ondergrondse duo,949,PAARDENMARKT,,2000,MIDDEN,,1899/12/30 00:00:00+00,,,Wekelijks,x,x,x,x,x,x,x,,,,,,,,
491295.886636759,6661135.65843681,54682,GLASCONT_04920,ondergrondse duo,234,PAARDENMARKT,,2000,MIDDEN,,1899/12/30 00:00:00+00,,,Wekelijks,x,x,x,x,x,x,x,,,,,,,,
489967.70336113,6660243.4619982,54683,GLASCONT_04921,duo glasbol,D3228,GROENPLAATS,,2000,MIDDEN,,1899/12/30 00:00:00+00,,,Wekelijks,x,x,x,x,x,x,x,,,,,,,,
493102.029077201,6672385.39797592,54684,GLASCONT_04922,mono glasbol wit,M2553,VOGELKERSSTRAAT,,2180,NOORD,,1899/12/30 00:00:00+00,,,Wekelijks,x,x,x,x,x,x,x,,,,,,,,
495385.001189895,6657392.74499749,54685,GLASCONT_01010,duo glasbol,D1175,KAREL DE PRETERLEI,110,2140,ZUID,Deurne zuid Borgerhout,1999/12/31 00:00:00+00,,,Wekelijks,,x,,x,,,,,,,,,,,
482811.726422377,6653525.60769106,54686,GLASCONT_00557,mono glasbol wit,M1540,SMALLANDLAAN,7,2660,ZUID,Hoboken,1999/12/31 00:00:00+00,,,Niet van toepassing,,,,,,,,,,,,x,,,
482822.232193177,6653533.13829479,54687,GLASCONT_00558,mono glasbol groen,M1639,SMALLANDLAAN,7,2660,ZUID,Hoboken,1999/12/31 00:00:00+00,,,Niet van toepassing,,,,,,,,,,,,x,,,
486636.42784789,6656408.44371012,54688,GLASCONT_00662,mono glasbol wit,M1542,,,2020,ZUID,Kiel,1999/12/31 00:00:00+00,,,Niet van toepassing,,,,,,,,,,,,,,,
486633.237416692,6656397.24722835,54689,GLASCONT_00664,mono glasbol groen,M1624,,,2020,ZUID,Kiel,1999/12/31 00:00:00+00,,,Niet van toepassing,,,,,,,,,,,,,,,
486571.472292084,6660130.46412847,54690,GLASCONT_00763,mono glasbol wit,M1569,BLANCEFLOERLAAN,181,2050,MIDDEN,Linkeroever,1999/12/31 00:00:00+00,,,Niet van toepassing,,,,,,,,,,x,,,,,
486578.264457343,6660130.42552094,54691,GLASCONT_00764,mono glasbol groen,M1654,BLANCEFLOERLAAN,181,2050,MIDDEN,Linkeroever,1999/12/31 00:00:00+00,,,Niet van toepassing,,,,,,,,,,x,,,,,
493974.152874176,6655730.85962154,54692,GLASCONT_00837,mono glasbol wit,M1564,ARBEIDERSSTRAAT,,2600,ZUID,Berchem,1999/12/31 00:00:00+00,,,Niet van toepassing,,,,,,,,,,,,,,,
493968.003875815,6655735.35197737,54693,GLASCONT_00838,mono glasbol groen,M1591,ARBEIDERSSTRAAT,,2600,ZUID,Berchem,1999/12/31 00:00:00+00,,,Niet van toepassing,,,,,,,,,,,,,,,
496080.087546434,6663313.08958958,54694,GLASCONT_00887,mono glasbol wit,M1617,BELCROWNLAAN,,2100,NOORD,Deurne,1999/12/31 00:00:00+00,,,Niet van toepassing,,,,,,,,,,,,,,,
496084.223452391,6663306.15846269,54695,GLASCONT_00888,mono glasbol groen,M1616,BELCROWNLAAN,,2100,NOORD,Deurne,1999/12/31 00:00:00+00,,,Niet van toepassing,,,,,,,,,,,,,,,
496089.050278797,6663298.53453561,54696,GLASCONT_00889,mono glasbol wit,M1520,BELCROWNLAAN,,2100,NOORD,Deurne,1999/12/31 00:00:00+00,,,Niet van toepassing,,,,,,,,,,,,,,,
496092.496017515,6663291.60583844,54697,GLASCONT_00890,mono glasbol groen,M1619,BELCROWNLAAN,,2100,NOORD,Deurne,1999/12/31 00:00:00+00,,,Niet van toepassing,,,,,,,,,,,,,,,
488913.327726036,6649441.25527836,54698,GLASCONT_04747,mono glasbol wit,M1507,NEERLANDWEG,44,2610,ZUID,Wilrijk,2018/02/28 00:00:00+00,,,Niet van toepassing,,,,,,,,,,,,,,,
488920.810900547,6649410.45279403,54699,GLASCONT_04747,mono glasbol groen,M1590,NEERLANDWEG,44,2610,ZUID,Wilrijk,2018/02/28 00:00:00+00,,,Niet van toepassing,,,,,,,,,,,,,,,
